-0.5097781;0.5347986;3.930651;-0.4726916;0.7733364;3.813962;-0.4335306;1.004987;3.686326;-0.4286439;1.128015;3.626625;-0.5854267;0.9271011;3.683824;-0.621678;0.7198934;3.791573;-0.562688;0.5332207;3.726288;-0.5436262;0.4716859;3.708213;-0.3082285;0.8946093;3.714074;-0.3027563;0.7032072;3.771439;-0.3715085;0.5127754;3.766943;-0.3806066;0.4717537;3.801255;-0.5642671;0.5372128;3.890672;-0.6026546;0.2801263;3.970426;-0.6114404;-0.009169144;4.099899;-0.6113871;-0.09380001;4.051581;-0.4451805;0.5226889;3.903006;-0.4334579;0.2367545;4.070389;-0.4427716;-0.01488315;4.148129;-0.3943618;-0.08330709;4.087764;-0.443549;0.947937;3.720312;-0.5458281;0.4607671;3.712944;-0.5439949;0.4592195;3.700474;-0.3906312;0.4338759;3.794552;-0.3677239;0.4844781;3.779692;
-0.5073146;0.5326537;3.930537;-0.4720328;0.773118;3.814064;-0.4334792;1.005621;3.686607;-0.4277479;1.128636;3.626972;-0.5849279;0.9268427;3.685669;-0.627278;0.745442;3.805872;-0.5670685;0.5590684;3.741438;-0.5773932;0.541829;3.773707;-0.3061988;0.8938338;3.712551;-0.3032532;0.6979138;3.771992;-0.37433;0.5085949;3.767629;-0.3782725;0.4672792;3.79163;-0.562515;0.5347877;3.890972;-0.5490662;0.2656453;4.017269;-0.6007964;-0.01568834;4.114372;-0.5932977;-0.08937592;4.011495;-0.4423972;0.5210371;3.902292;-0.4338643;0.2343928;4.071707;-0.4354201;-0.01941261;4.144235;-0.4482009;-0.09811519;4.080011;-0.4433907;0.9482731;3.720493;-0.571963;0.5364197;3.771433;-0.5748541;0.5343531;3.757;-0.3941577;0.4303663;3.7788;-0.3588364;0.470888;3.7748;
-0.4938414;0.525252;3.927547;-0.4694473;0.771803;3.813151;-0.4342191;1.006216;3.686356;-0.4274468;1.128959;3.62768;-0.5850769;0.9264747;3.68605;-0.6302086;0.7505845;3.813864;-0.6189846;0.5515088;3.76686;-0.580917;0.5263838;3.812237;-0.3054417;0.8933226;3.712103;-0.3001571;0.6983635;3.769675;-0.361177;0.5055729;3.759005;-0.3779925;0.4608767;3.782136;-0.5498115;0.5249;3.889009;-0.520398;0.2232922;4.044688;-0.5788492;-0.01130271;4.146479;-0.5981066;-0.09076239;4.090189;-0.4288546;0.5162467;3.89802;-0.4324516;0.2400254;4.05417;-0.4350511;-0.02169154;4.143981;-0.418484;-0.0989805;4.07497;-0.4434764;0.9484108;3.720345;-0.5784018;0.4665798;3.85058;-0.6162721;0.5085843;3.80777;-0.3988782;0.3991534;3.774559;-0.368298;0.4432818;3.7664;
-0.5063412;0.5143616;3.909359;-0.4785172;0.7642062;3.798957;-0.446761;1.004088;3.675286;-0.434662;1.127027;3.623261;-0.5978446;0.9117872;3.670492;-0.7146347;0.7274401;3.808102;-0.688851;0.5280539;3.824;-0.6647088;0.4921099;3.828929;-0.3136417;0.8892749;3.705223;-0.3070216;0.6849216;3.754203;-0.3595799;0.4777205;3.690115;-0.3845312;0.4332303;3.674911;-0.5652661;0.5090057;3.868378;-0.5693071;0.256756;4.017244;-0.5807757;-0.0006762191;4.157496;-0.5937752;-0.07898504;4.092715;-0.4389971;0.5097144;3.881653;-0.4230336;0.2438679;3.929545;-0.4199662;-0.04008795;4.098931;-0.4101833;-0.1128208;3.995285;-0.4548654;0.9451385;3.708583;-0.6626153;0.4642802;3.852428;-0.6760697;0.4838139;3.801667;-0.3954187;0.3978149;3.674554;-0.3976242;0.4244662;3.669167;
-0.5144553;0.5122924;3.905538;-0.4853836;0.7590535;3.792688;-0.4535611;0.9971557;3.667374;-0.4394955;1.124815;3.617781;-0.6031483;0.9030587;3.662138;-0.7156585;0.7269579;3.795152;-0.6996344;0.5260891;3.806536;-0.6870726;0.4917213;3.807935;-0.3164556;0.8873749;3.702409;-0.3094334;0.6778461;3.745723;-0.3579581;0.4786834;3.686005;-0.3778703;0.4305291;3.65854;-0.5708745;0.5060494;3.864543;-0.573655;0.2596534;4.01294;-0.5778561;0.002095512;4.155473;-0.5956775;-0.07454714;4.089607;-0.4497981;0.5092691;3.878078;-0.4203445;0.2367424;3.892476;-0.4184276;-0.034328;4.08111;-0.3810462;-0.1131072;4.042953;-0.4617831;0.9386033;3.700881;-0.6678177;0.450284;3.822426;-0.6927483;0.5049695;3.7679;-0.3825881;0.3944335;3.651891;-0.4049924;0.41272;3.668;
-0.5165258;0.5079971;3.899974;-0.4872146;0.7549407;3.784494;-0.4556699;0.9946816;3.657519;-0.4441018;1.121131;3.610169;-0.6059196;0.896132;3.649294;-0.7144991;0.715468;3.764559;-0.6956614;0.5139594;3.792263;-0.6988825;0.4738261;3.78393;-0.3193844;0.8838186;3.697922;-0.3088854;0.6758485;3.742636;-0.3526256;0.4764572;3.679612;-0.3704616;0.4261658;3.664418;-0.5728185;0.5017053;3.858828;-0.5743787;0.2599686;4.011038;-0.578919;-0.002188005;4.154031;-0.5994019;-0.07833811;4.089066;-0.451608;0.5053121;3.872877;-0.4114511;0.2292244;3.848612;-0.4094029;-0.03172031;4.050066;-0.3947636;-0.1050964;3.947646;-0.4638067;0.9357157;3.691401;-0.6929695;0.4290586;3.818419;-0.6974499;0.4634604;3.7543;-0.3780811;0.3931553;3.671133;-0.3824778;0.387834;3.715;
-0.4797895;0.4703401;3.837978;-0.4691511;0.7179601;3.716004;-0.4570804;0.9592739;3.583272;-0.4365511;1.092257;3.5477;-0.5871518;0.8554792;3.556575;-0.6770577;0.6667097;3.599148;-0.6542611;0.4696541;3.533112;-0.6528792;0.4216143;3.509544;-0.3130833;0.8568334;3.633251;-0.2739065;0.6424049;3.734569;-0.2791739;0.4438881;3.685447;-0.3028186;0.4113383;3.682859;-0.5356237;0.4595616;3.797314;-0.5639666;0.2429699;3.960606;-0.5793897;0.001229455;4.143101;-0.5960734;-0.08744602;4.070319;-0.4154042;0.4727362;3.810242;-0.3886663;0.1666595;3.761638;-0.3874001;-0.112612;3.875479;-0.3626265;-0.1851772;3.775422;-0.4603692;0.8999484;3.618519;-0.659216;0.3672351;3.493412;-0.6416434;0.424266;3.47575;-0.3006824;0.3864819;3.700922;-0.2901725;0.3858764;3.695;
-0.4772135;0.4683431;3.825981;-0.4647617;0.7135016;3.703446;-0.4505134;0.9518788;3.569736;-0.4349408;1.08601;3.535354;-0.5811177;0.8467301;3.541024;-0.6653499;0.657266;3.559659;-0.6311474;0.4800772;3.450288;-0.6229109;0.4281117;3.414609;-0.3117921;0.8532171;3.619842;-0.2735454;0.640649;3.730433;-0.275537;0.4413363;3.685706;-0.2939467;0.4104347;3.691877;-0.5320255;0.4581546;3.779464;-0.5673633;0.2451655;3.953507;-0.5734798;0.003377865;4.136313;-0.5977644;-0.09381735;4.060976;-0.4136775;0.4704813;3.802839;-0.3836072;0.1425594;3.750192;-0.3694735;-0.127961;3.814937;-0.3457031;-0.2087402;3.757813;-0.4543849;0.8933406;3.605261;-0.6182278;0.3761122;3.39642;-0.6242882;0.4218094;3.376637;-0.2954088;0.3761048;3.697594;-0.2704889;0.4058773;3.681286;
-0.4583311;0.4556224;3.797883;-0.4521238;0.703688;3.682899;-0.4432894;0.9450431;3.556083;-0.4303519;1.074219;3.509012;-0.5686212;0.8336437;3.509315;-0.6535713;0.6466709;3.503458;-0.6069331;0.4790859;3.389917;-0.5895592;0.4300155;3.328346;-0.3048998;0.8451259;3.600058;-0.2710463;0.6349064;3.718233;-0.2805042;0.4060187;3.678486;-0.3012377;0.3756065;3.690218;-0.5138177;0.4418725;3.751811;-0.5609736;0.2294499;3.940278;-0.570331;0.005865294;4.119554;-0.5836759;-0.07721953;4.10009;-0.3948528;0.4612738;3.775716;-0.3787617;0.1381668;3.731688;-0.3608868;-0.158396;3.773915;-0.330056;-0.2292832;3.674843;-0.4458994;0.8857613;3.589969;-0.5774202;0.3880543;3.316;-0.5921085;0.4362809;3.288125;-0.3288957;0.3441684;3.678594;-0.2822232;0.368295;3.678166;
-0.4626503;0.4492785;3.776136;-0.4516406;0.6931395;3.657618;-0.4381176;0.9299366;3.527641;-0.424276;1.059902;3.488602;-0.5614426;0.8232501;3.48006;-0.6422734;0.6368233;3.463034;-0.5917662;0.4936579;3.319802;-0.5593411;0.4491318;3.253931;-0.2982111;0.8327686;3.57489;-0.2614312;0.6227382;3.69968;-0.2735072;0.4024635;3.668722;-0.2939083;0.3608313;3.668067;-0.5165743;0.4384095;3.724971;-0.5487677;0.2138762;3.894225;-0.5652602;-0.03263108;4.11236;-0.5877117;-0.1136783;4.070148;-0.4003732;0.4522202;3.757678;-0.3743105;0.1364438;3.712436;-0.3682784;-0.1571907;3.762807;-0.3366609;-0.2286944;3.664706;-0.4418554;0.8717846;3.56221;-0.5477294;0.4250896;3.226339;-0.5665967;0.4444821;3.1996;-0.3178716;0.3164948;3.666605;-0.2796056;0.3466106;3.659001;
-0.4308589;0.4179421;3.698511;-0.4226881;0.6667553;3.591675;-0.4131734;0.9091798;3.474029;-0.3967759;1.032573;3.428828;-0.5404504;0.7955667;3.416082;-0.6285264;0.6132796;3.387374;-0.565176;0.4871375;3.233289;-0.5117339;0.4677595;3.171237;-0.2755884;0.8116611;3.523966;-0.2428278;0.6002318;3.634902;-0.08975597;0.3761452;3.600568;-0.03660939;0.2798183;3.589608;-0.4834094;0.4045902;3.643192;-0.5281823;0.1952891;3.796588;-0.5672277;-0.01565411;4.044669;-0.5891045;-0.09732599;4.015751;-0.3703343;0.4235466;3.685284;-0.372895;0.1351132;3.672738;-0.3692425;-0.1468014;3.75171;-0.3330607;-0.2165254;3.653678;-0.4158058;0.8495797;3.50551;-0.4979367;0.4449826;3.154709;-0.5258955;0.4522314;3.15775;-0.01347161;0.2370973;3.568671;-0.0204114;0.2741909;3.517;
-0.4378555;0.4062035;3.661029;-0.4220318;0.6586264;3.560882;-0.4062313;0.9037692;3.447952;-0.3915403;1.032116;3.410927;-0.5325841;0.7844861;3.393393;-0.6237801;0.6033518;3.376494;-0.5310845;0.4988598;3.220912;-0.5027551;0.456812;3.155975;-0.267391;0.8017983;3.503724;-0.2362437;0.5836186;3.605933;-0.07558262;0.3679886;3.552133;-0.00893777;0.2720516;3.54674;-0.4888169;0.3960758;3.605126;-0.5341964;0.1688822;3.745799;-0.5741205;-0.01895452;4.010565;-0.5896835;-0.09546086;4.010664;-0.3787869;0.4085815;3.648133;-0.3693879;0.1274577;3.665987;-0.368319;-0.1538138;3.749745;-0.3312926;-0.2230793;3.651687;-0.4103606;0.8435606;3.478437;-0.487854;0.4370888;3.13293;-0.5220656;0.4398671;3.143167;0.03204627;0.2349453;3.50042;-0.01466799;0.3153385;3.469;
-0.4250582;0.3992803;3.632993;-0.4082303;0.6489615;3.528685;-0.3908101;0.8921639;3.414146;-0.3778243;1.028198;3.376746;-0.5230817;0.7785206;3.36823;-0.6085905;0.5957453;3.373509;-0.5255277;0.4823857;3.218776;-0.5028393;0.433336;3.16177;-0.2518486;0.7946534;3.464816;-0.2273739;0.588876;3.573426;-0.07401324;0.3644233;3.545047;-0.01148429;0.2733161;3.539413;-0.4784278;0.3917353;3.584733;-0.5234432;0.1529799;3.677448;-0.5727412;-0.02441173;3.947356;-0.538672;-0.09562168;3.848112;-0.3635601;0.3987914;3.611573;-0.3632345;0.1231054;3.656333;-0.3709214;-0.1623915;3.748391;-0.338383;-0.2323501;3.648991;-0.3953448;0.832359;3.444766;-0.4869431;0.412664;3.14789;-0.5057071;0.4441396;3.129778;0.02333056;0.2392239;3.505336;-0.03790924;0.2846201;3.583333;
-0.4055392;0.3845963;3.588517;-0.3962159;0.6409192;3.495754;-0.3841144;0.8890402;3.390189;-0.3671197;1.018228;3.347999;-0.5086173;0.774511;3.339006;-0.5782124;0.5887456;3.366806;-0.5309466;0.4299192;3.234841;-0.5135101;0.3994962;3.184905;-0.2442256;0.7811829;3.432126;-0.2204715;0.5821728;3.521628;-0.0891232;0.3759539;3.559253;-0.038532;0.2826858;3.593865;-0.4576652;0.3791639;3.539697;-0.5151579;0.1290367;3.611049;-0.5658906;-0.04155413;3.884753;-0.5323841;-0.111453;3.784001;-0.3460197;0.382994;3.569569;-0.3561471;0.1121608;3.648804;-0.3707116;-0.1750956;3.751431;-0.3354481;-0.2534326;3.713297;-0.3875156;0.8281822;3.418869;-0.5023084;0.3772434;3.165123;-0.5233222;0.4063803;3.1519;-0.03034895;0.2623706;3.57522;-0.063055;0.3150301;3.6285;
-0.3996749;0.3779184;3.565066;-0.3858312;0.6335122;3.468485;-0.3706786;0.8825666;3.362089;-0.3571808;1.011077;3.316508;-0.5037128;0.769758;3.321748;-0.57664;0.5739953;3.366701;-0.5357852;0.3966594;3.260519;-0.5313022;0.3654197;3.225138;-0.2341847;0.7746288;3.402596;-0.210683;0.5619484;3.488466;-0.07721449;0.3712684;3.491054;-0.02600052;0.2833797;3.537539;-0.4541388;0.3744792;3.516458;-0.5046375;0.1133642;3.550512;-0.5673454;-0.07265905;3.812024;-0.5380364;-0.1428687;3.7102;-0.3371966;0.3737466;3.544353;-0.3499494;0.1072536;3.643552;-0.3707773;-0.1748542;3.751187;-0.3363708;-0.253657;3.715993;-0.3746519;0.8213189;3.390627;-0.5190167;0.3270435;3.207758;-0.5398751;0.3757166;3.1888;-0.01341468;0.2590767;3.537665;-0.02984872;0.2767018;3.5542;
-0.3936971;0.372384;3.529888;-0.3773885;0.6266763;3.432783;-0.3596051;0.8740657;3.323976;-0.3473935;1.006312;3.284292;-0.49786;0.7626185;3.290936;-0.5786872;0.5692828;3.364841;-0.5504928;0.3747811;3.30844;-0.5472412;0.3289885;3.279712;-0.2223141;0.7652033;3.360394;-0.2025296;0.5586514;3.433758;-0.2461309;0.3423468;3.373824;-0.2567427;0.3152376;3.359963;-0.4492487;0.3728539;3.485571;-0.4933882;0.1020782;3.482158;-0.5480556;-0.1012008;3.733152;-0.558506;-0.1826593;3.719896;-0.3304308;0.3642142;3.505591;-0.3445554;0.1093348;3.628638;-0.3714835;-0.1687911;3.748814;-0.3397877;-0.2486581;3.716723;-0.3643135;0.8132931;3.353369;-0.5373655;0.289261;3.258339;-0.554866;0.3441007;3.231687;-0.2638481;0.270936;3.358619;-0.2587276;0.2873223;3.363;
-0.398064;0.3641188;3.50074;-0.3771899;0.6182501;3.401693;-0.3549881;0.8656812;3.291672;-0.3396906;0.9968736;3.253119;-0.4931084;0.7535659;3.26474;-0.5798944;0.5548852;3.360651;-0.5609823;0.3571624;3.315032;-0.5694795;0.3199491;3.307575;-0.2156574;0.7525986;3.329442;-0.2015728;0.5414726;3.384943;-0.2373521;0.3449791;3.335848;-0.2553715;0.3113659;3.303406;-0.4528932;0.3675693;3.458311;-0.4925039;0.07965156;3.425512;-0.5365374;-0.1617146;3.644937;-0.5445696;-0.2435993;3.629194;-0.335477;0.3531811;3.474389;-0.3415609;0.1086494;3.622029;-0.3714239;-0.1686148;3.748033;-0.3434086;-0.2496529;3.717316;-0.3607652;0.8048587;3.321221;-0.5591533;0.2653245;3.294605;-0.5795746;0.3067547;3.263;-0.2665644;0.2563213;3.297953;-0.2730388;0.3243344;3.2942;
-0.4027525;0.3535894;3.467935;-0.3779769;0.6083946;3.367018;-0.3519962;0.8564155;3.254817;-0.3343896;0.9837803;3.208699;-0.491113;0.7445433;3.234488;-0.5824409;0.548007;3.357726;-0.5867754;0.3420797;3.333189;-0.5738956;0.3066463;3.331359;-0.2092081;0.7361944;3.28189;-0.198673;0.5349889;3.34044;-0.2212624;0.3449379;3.267258;-0.2501354;0.3095982;3.248175;-0.4576415;0.3600872;3.429194;-0.489683;0.05461254;3.394014;-0.5348194;-0.2163924;3.551004;-0.5460581;-0.2971227;3.499622;-0.3398248;0.3397768;3.437914;-0.3405531;0.1040724;3.603182;-0.371822;-0.1697877;3.74661;-0.3437912;-0.2497173;3.699049;-0.3587162;0.7954702;3.285001;-0.5744593;0.2542348;3.324978;-0.6049788;0.3035128;3.306647;-0.2676241;0.2482779;3.245905;-0.2875683;0.2922489;3.266;
-0.3964829;0.3363105;3.430371;-0.3718463;0.5931383;3.330235;-0.3462499;0.8432296;3.219432;-0.3305079;0.9731438;3.176927;-0.4886496;0.7358872;3.205683;-0.5862441;0.5400637;3.349885;-0.5994657;0.3390964;3.34141;-0.6174957;0.3088594;3.343832;-0.2057577;0.7237696;3.239711;-0.1960848;0.5179599;3.285346;-0.221185;0.33021;3.206429;-0.2469627;0.2936388;3.187335;-0.4541835;0.3401061;3.382097;-0.4787542;0.03764964;3.350174;-0.5211729;-0.2539301;3.439643;-0.5270032;-0.3339175;3.383433;-0.3316326;0.325869;3.409635;-0.3396345;0.08444135;3.590029;-0.3741822;-0.176033;3.741853;-0.3410823;-0.2547267;3.71864;-0.3528433;0.7817541;3.249169;-0.6156937;0.2607158;3.341452;-0.6260766;0.3142237;3.317333;-0.2660663;0.2359847;3.18012;-0.2399945;0.2784872;3.1881;
-0.3945492;0.3280538;3.408891;-0.3688369;0.5826443;3.302675;-0.3419359;0.8301157;3.184597;-0.3277989;0.9613706;3.141277;-0.4911782;0.7321845;3.177083;-0.5859243;0.5419263;3.330945;-0.6164345;0.3420082;3.347807;-0.6383168;0.3122605;3.356728;-0.202327;0.7113739;3.2058;-0.200808;0.5055168;3.239603;-0.2199436;0.3153741;3.165179;-0.248642;0.2696943;3.133882;-0.4520949;0.335907;3.366372;-0.4784016;0.0111404;3.317145;-0.5003701;-0.3011098;3.332184;-0.5136719;-0.3820801;3.253906;-0.3293887;0.3125813;3.381721;-0.3399522;0.07984243;3.576238;-0.3764269;-0.1797068;3.738184;-0.3437769;-0.2592109;3.705343;-0.3488803;0.7693426;3.216298;-0.6383028;0.2595107;3.365441;-0.6463053;0.3131873;3.3354;-0.2639412;0.2145681;3.125124;-0.2680765;0.2653066;3.121692;
-0.3924316;0.3063766;3.359743;-0.3687664;0.5632803;3.255414;-0.3439679;0.814179;3.142321;-0.3277678;0.9456421;3.106862;-0.4884144;0.7166486;3.132061;-0.5822082;0.544547;3.304221;-0.6307903;0.3568256;3.346552;-0.6483148;0.3168617;3.350111;-0.2042508;0.6875327;3.160865;-0.1960262;0.4813684;3.185766;-0.2140345;0.2911667;3.110935;-0.2448964;0.2447958;3.085108;-0.4494946;0.3171641;3.31283;-0.4736018;0.007512159;3.278028;-0.4864264;-0.2918065;3.257971;-0.4771284;-0.3608247;3.153216;-0.3273717;0.2895963;3.338465;-0.3427612;0.08167164;3.511695;-0.37641;-0.1736242;3.719856;-0.3443298;-0.2524042;3.698995;-0.3504043;0.7524218;3.172387;-0.6511412;0.2652568;3.36143;-0.6585597;0.3175167;3.327077;-0.2629169;0.1919189;3.079628;-0.2407417;0.220133;3.0825;
-0.3943096;0.285444;3.32086;-0.3692849;0.5483085;3.227191;-0.3435581;0.8028198;3.12011;-0.3303814;0.9271711;3.0626;-0.491237;0.7066177;3.109142;-0.586614;0.5302075;3.276927;-0.6360174;0.3498067;3.339767;-0.655934;0.3070945;3.344278;-0.2067102;0.6783446;3.129031;-0.1910161;0.4617446;3.147735;-0.2091485;0.2705003;3.075585;-0.2399421;0.219634;3.052277;-0.4517187;0.2975391;3.272668;-0.4653657;-0.02371566;3.242857;-0.4813753;-0.3607641;3.191675;-0.4621625;-0.4222958;3.103781;-0.3287723;0.2671795;3.299834;-0.3432501;0.06092504;3.506623;-0.3784061;-0.1854216;3.724272;-0.3343367;-0.2598182;3.687768;-0.3501825;0.7403802;3.149143;-0.6548237;0.2565443;3.356929;-0.6684633;0.2996296;3.321231;-0.2568988;0.165612;3.057636;-0.2762961;0.2118778;3.066;
-0.3858023;0.2697661;3.27286;-0.3663048;0.5280226;3.178817;-0.345701;0.7793806;3.073781;-0.3300466;0.914577;3.038016;-0.4982576;0.6843403;3.067607;-0.5882056;0.515483;3.244891;-0.6432402;0.3411335;3.317494;-0.655657;0.2969043;3.322671;-0.2049639;0.6572086;3.091596;-0.1985541;0.442767;3.099863;-0.206172;0.2474879;3.038454;-0.2313159;0.190727;3.020167;-0.4431961;0.2761661;3.233117;-0.4558916;-0.03984965;3.206903;-0.469289;-0.349311;3.187993;-0.4612091;-0.4167356;3.08242;-0.3207085;0.2587128;3.245734;-0.338322;0.03530633;3.46835;-0.3735687;-0.1864892;3.709963;-0.3295108;-0.2605815;3.682054;-0.3510689;0.7176062;3.10212;-0.656001;0.246907;3.336571;-0.6658099;0.2870158;3.300706;-0.2449121;0.1407328;3.028977;-0.2412291;0.1602441;3.033667;
-0.3789756;0.2571183;3.236254;-0.3647221;0.5190555;3.149728;-0.3481489;0.7733065;3.050852;-0.332369;0.9016958;3.005603;-0.4986893;0.6722075;3.036373;-0.5942506;0.4922751;3.201288;-0.6481133;0.319273;3.277635;-0.6528262;0.276461;3.293271;-0.2080033;0.6462991;3.060699;-0.2028315;0.4174682;3.075236;-0.1981338;0.2215866;3.015119;-0.2240627;0.1675923;2.992846;-0.4366798;0.2619565;3.197879;-0.4524046;-0.04222663;3.172795;-0.4671208;-0.3477283;3.187908;-0.4668598;-0.4379876;3.118133;-0.312882;0.2463729;3.204062;-0.3258372;0.03494647;3.400384;-0.3628177;-0.1794904;3.647936;-0.3557948;-0.2482413;3.541491;-0.3526104;0.7108784;3.077778;-0.6512892;0.2271693;3.320234;-0.6616806;0.2640603;3.277471;-0.2247664;0.1220137;2.992939;-0.254301;0.1605668;3.0025;
-0.3715828;0.2390101;3.186785;-0.3617188;0.5042196;3.100616;-0.3505048;0.7625813;3.004665;-0.3338571;0.8906363;2.96459;-0.5024629;0.657281;2.99821;-0.5963541;0.4725476;3.159595;-0.647005;0.2964551;3.232042;-0.6508617;0.2434333;3.260715;-0.2094667;0.6319966;3.022418;-0.1980981;0.406691;3.047318;-0.1975086;0.2091676;2.993307;-0.2128168;0.1552953;2.970473;-0.4291182;0.240688;3.14688;-0.4501302;-0.0502625;3.13629;-0.4663877;-0.3483495;3.188809;-0.4652145;-0.4305513;3.117764;-0.306199;0.2325352;3.159074;-0.3266375;0.0003204319;3.355458;-0.3575592;-0.1838612;3.6256;-0.3233224;-0.2723962;3.65301;-0.3535868;0.6990038;3.03035;-0.647791;0.2080865;3.2751;-0.6606214;0.250988;3.234467;-0.2129038;0.1041773;2.965158;-0.2222261;0.1432753;2.974572;
-0.370556;0.2292623;3.159807;-0.3611645;0.4966336;3.074521;-0.3504216;0.7565591;2.977538;-0.3351412;0.8833035;2.935284;-0.5022461;0.6457938;2.962808;-0.5937091;0.4488047;3.112438;-0.6356642;0.2669661;3.177393;-0.6428765;0.2213109;3.204324;-0.208662;0.6248152;2.993781;-0.1986648;0.3949817;3.022721;-0.1940261;0.1939954;2.989913;-0.2039263;0.1422944;2.963992;-0.4276752;0.2309216;3.118748;-0.4550588;-0.0676628;3.120137;-0.4666009;-0.3496057;3.190053;-0.4684672;-0.4287248;3.119884;-0.3053709;0.2223784;3.13145;-0.3109097;-0.004823155;3.271483;-0.343758;-0.1805217;3.546688;-0.3343696;-0.2490385;3.440186;-0.3533637;0.692723;3.00405;-0.641497;0.1915518;3.221183;-0.6548186;0.2147362;3.199222;-0.2093915;0.08219822;2.972413;-0.2254331;0.1165092;2.971333;
-0.3729666;0.2163748;3.111362;-0.3621081;0.4851504;3.027605;-0.3499989;0.7467326;2.933452;-0.3340051;0.8771843;2.895069;-0.5052681;0.638868;2.931741;-0.5990344;0.4268112;3.061396;-0.6354492;0.2376298;3.110503;-0.6345373;0.2236454;3.119512;-0.2081742;0.6192968;2.95835;-0.1960411;0.3892428;3.007711;-0.192586;0.1872603;2.984119;-0.1975204;0.1321425;2.966427;-0.4282651;0.2159355;3.068705;-0.4589354;-0.07635771;3.108858;-0.4663553;-0.3499882;3.190195;-0.4697649;-0.4273365;3.120121;-0.3092177;0.2125529;3.08756;-0.3040723;-0.0186744;3.192771;-0.3393098;-0.1799619;3.475874;-0.3311798;-0.2482394;3.369159;-0.3532641;0.6824184;2.958903;-0.6361669;0.1703011;3.151597;-0.6503364;0.2255484;3.101417;-0.1996744;0.07382815;2.988333;-0.224144;0.1064065;2.99;
-0.3717833;0.2128047;3.086456;-0.3624451;0.4812878;3.004159;-0.3517339;0.7423924;2.910462;-0.3349849;0.8728377;2.870607;-0.5068827;0.6327002;2.894278;-0.5939703;0.4085423;3.010107;-0.6300274;0.2141639;3.040108;-0.6282847;0.2010585;3.045728;-0.2097842;0.6123766;2.91983;-0.1911527;0.3765263;2.985477;-0.1849814;0.1743045;2.97992;-0.1898519;0.1341469;2.967759;-0.4267686;0.2108542;3.048499;-0.4563114;-0.08119907;3.101404;-0.4652448;-0.3505941;3.190407;-0.4700342;-0.4273287;3.119869;-0.3084953;0.2103523;3.053456;-0.3011849;-0.04120858;3.138663;-0.3205131;-0.2070716;3.420746;-0.3128774;-0.2749118;3.314027;-0.3546556;0.6782448;2.93603;-0.6198612;0.1417404;3.065559;-0.6417774;0.1665689;3.041667;-0.1865705;0.08091314;2.969469;-0.2191583;0.1155518;2.975386;
-0.3696449;0.2051831;3.0491;-0.3605312;0.4737555;2.965631;-0.3500726;0.7349794;2.871381;-0.3350381;0.8643076;2.826714;-0.5036873;0.6232584;2.85667;-0.5930202;0.3957583;2.960657;-0.617343;0.1962824;2.971224;-0.6215953;0.1803476;2.973288;-0.2086052;0.6096262;2.893359;-0.1883486;0.3697474;2.972133;-0.1784964;0.1683772;2.978626;-0.1925174;0.1340097;2.980454;-0.4239034;0.1980058;3.006693;-0.4509481;-0.09287944;3.092662;-0.4643527;-0.3508058;3.191621;-0.478237;-0.428796;3.138776;-0.3070323;0.2072964;3.023352;-0.28949;-0.0524064;3.067325;-0.3141275;-0.2283924;3.343108;-0.3025701;-0.2960434;3.236821;-0.3529382;0.67079;2.896964;-0.6188452;0.1217375;2.994141;-0.6338139;0.1773452;2.947444;-0.1883315;0.06643739;2.990921;-0.2265395;0.1163936;2.968167;
-0.372155;0.2015777;3.02319;-0.3596788;0.4684274;2.935273;-0.3452565;0.7275027;2.83533;-0.3316184;0.8594344;2.79311;-0.4985093;0.6184526;2.820465;-0.5827766;0.394115;2.904006;-0.6114765;0.1941638;2.90008;-0.6140893;0.1672327;2.887438;-0.2036367;0.6061309;2.862216;-0.1858626;0.3642624;2.958929;-0.1743563;0.1642385;2.976159;-0.1859541;0.1346766;2.97721;-0.4255099;0.1939928;2.983556;-0.4524362;-0.09808733;3.082901;-0.4620191;-0.3566066;3.193698;-0.4783257;-0.431715;3.133198;-0.3104663;0.2044968;2.993543;-0.2860578;-0.06198164;3.010283;-0.3070212;-0.2595315;3.272245;-0.2939739;-0.3272184;3.166565;-0.349182;0.6639067;2.862504;-0.6106468;0.1035366;2.898919;-0.6191533;0.1705208;2.847867;-0.1813228;0.07347064;3.004958;-0.2178696;0.127364;2.942;
-0.3680514;0.19711;2.99457;-0.3567026;0.461539;2.905927;-0.3439425;0.7185806;2.806592;-0.3279019;0.8507758;2.762369;-0.4939215;0.6117543;2.782528;-0.5794503;0.3786434;2.847358;-0.6010579;0.1786986;2.815604;-0.6035523;0.1526523;2.809647;-0.2005865;0.5994138;2.833565;-0.179366;0.363176;2.945116;-0.1706226;0.1653417;2.975358;-0.1725106;0.1330948;2.977949;-0.4223846;0.1888029;2.953411;-0.4560834;-0.1037723;3.069392;-0.4612426;-0.363173;3.193609;-0.4779491;-0.4364292;3.12867;-0.305406;0.200878;2.967069;-0.2862857;-0.08584584;2.987022;-0.3201139;-0.3158143;3.221822;-0.2839355;-0.4013672;3.222656;-0.3473981;0.6554384;2.833453;-0.6059407;0.09937675;2.821123;-0.6095856;0.1584632;2.771734;-0.1682626;0.07433717;3.008342;-0.1930439;0.09020045;2.97;
-0.3663171;0.1906921;2.964389;-0.3532583;0.4520517;2.868217;-0.3384859;0.7053843;2.759718;-0.3235344;0.8416627;2.732136;-0.4872363;0.6004498;2.741527;-0.5706879;0.3718118;2.792665;-0.5915585;0.1745669;2.741776;-0.5897958;0.1429025;2.733617;-0.1952673;0.5920041;2.803569;-0.1706991;0.3631045;2.926847;-0.1613973;0.1679343;2.968648;-0.1597558;0.125991;2.976531;-0.4204716;0.1838426;2.923729;-0.4529485;-0.1121935;3.054972;-0.4587499;-0.3673075;3.192955;-0.4762299;-0.4404833;3.128381;-0.3036867;0.1930435;2.936131;-0.2794075;-0.1175148;2.943324;-0.2860136;-0.3785547;3.135045;-0.2556326;-0.4479974;3.066112;-0.3424682;0.6432493;2.789058;-0.5833899;0.08307388;2.743166;-0.5998848;0.1290111;2.698643;-0.1620655;0.07366442;2.994552;-0.1870677;0.1168935;2.9555;
-0.3620892;0.1782693;2.936037;-0.3485754;0.4416246;2.842339;-0.333883;0.697536;2.737938;-0.3176951;0.8315425;2.695434;-0.4786146;0.5846031;2.705338;-0.5673614;0.3615199;2.737964;-0.5815687;0.1658252;2.676907;-0.5737931;0.1165471;2.659599;-0.1901869;0.5847204;2.77738;-0.162394;0.3630928;2.913221;-0.1478989;0.1716685;2.966625;-0.1463351;0.1299964;2.97606;-0.4162477;0.1705794;2.891206;-0.4516201;-0.1110742;3.037008;-0.458958;-0.3724059;3.191198;-0.474426;-0.4426028;3.119106;-0.2994988;0.1817756;2.911816;-0.2737729;-0.1345306;2.896438;-0.2698064;-0.421372;3.045135;-0.2551828;-0.5007809;2.997364;-0.3377902;0.6347089;2.766091;-0.5631524;0.06533546;2.671622;-0.5813012;0.103691;2.626286;-0.1463781;0.07499021;3.00693;-0.1706512;0.1261754;2.949437;
-0.3589099;0.1616161;2.899933;-0.3424987;0.4273057;2.807925;-0.3248549;0.6851633;2.704212;-0.3113992;0.8162703;2.658301;-0.4712531;0.5712178;2.671621;-0.5566196;0.3603692;2.68522;-0.5673693;0.1697029;2.606715;-0.5573267;0.1139659;2.58688;-0.1818316;0.5740412;2.745512;-0.1525524;0.360765;2.89893;-0.1211381;0.1718508;2.954074;-0.1290787;0.1480348;2.954921;-0.4126377;0.1547525;2.853353;-0.4471409;-0.1210748;3.024544;-0.4574888;-0.378428;3.188439;-0.4728181;-0.4504203;3.120048;-0.2966745;0.1647408;2.877752;-0.2680969;-0.1879903;2.874912;-0.2432261;-0.4533635;2.953283;-0.2398925;-0.5267715;2.884759;-0.3295078;0.6218687;2.732261;-0.5490432;0.05997913;2.589795;-0.5646044;0.1177003;2.551955;-0.1206853;0.08846772;2.978516;-0.155707;0.1393073;2.926333;
-0.3364791;0.1100392;2.805328;-0.3161734;0.3752249;2.707963;-0.2947395;0.6328671;2.599293;-0.2801374;0.7630517;2.556897;-0.4326223;0.5147657;2.558893;-0.5258496;0.3200609;2.542679;-0.5289062;0.1392786;2.440651;-0.5155799;0.08128008;2.420846;-0.146681;0.5270064;2.643492;-0.1044659;0.3227261;2.797289;-0.07447255;0.1491437;2.885566;-0.08804467;0.09708587;2.915569;-0.3900118;0.1051533;2.758263;-0.4382398;-0.1497154;2.960597;-0.450201;-0.3937782;3.16355;-0.4404297;-0.4770508;3.056641;-0.2746884;0.1122216;2.783479;-0.2466578;-0.2220913;2.775273;-0.2068543;-0.516518;2.73631;-0.1801758;-0.590332;2.650391;-0.300315;0.5696087;2.628556;-0.4926479;0.02349068;2.418609;-0.5321835;0.06668564;2.40615;-0.09175707;0.0516775;2.960191;-0.125746;0.0903083;2.9082;
-0.3369054;0.09552446;2.771194;-0.3105831;0.3618113;2.678484;-0.2835943;0.6200311;2.57315;-0.2726297;0.7514567;2.530652;-0.4201085;0.4985719;2.526489;-0.5168929;0.3056761;2.508658;-0.5185158;0.1272783;2.402067;-0.5040263;0.06859912;2.377605;-0.1364484;0.5138221;2.61745;-0.09266319;0.3123833;2.773871;-0.05884368;0.1374645;2.858589;-0.07529239;0.07982506;2.887617;-0.3898742;0.09242044;2.724166;-0.4337764;-0.1553416;2.934946;-0.4489623;-0.3894104;3.146493;-0.4857447;-0.4597965;3.101554;-0.2755766;0.09620044;2.749257;-0.2373937;-0.2261606;2.740285;-0.2083205;-0.5445442;2.722404;-0.1815295;-0.6064199;2.643127;-0.2905445;0.5566781;2.601693;-0.4889972;0.01454596;2.374438;-0.5222492;0.05462688;2.364;-0.07731351;0.0368198;2.931893;-0.1044595;0.08117775;2.8664;
-0.3255964;0.08121555;2.725148;-0.2962053;0.345338;2.635472;-0.2662973;0.6021626;2.534826;-0.258425;0.7344591;2.494958;-0.4091164;0.486587;2.49967;-0.5103181;0.2930429;2.479445;-0.5114331;0.114358;2.373326;-0.4972794;0.05433178;2.341337;-0.1218102;0.4968314;2.576793;-0.0761961;0.2931665;2.72897;-0.03989826;0.1191695;2.814395;-0.05668485;0.06449835;2.847328;-0.3787522;0.07898069;2.675287;-0.4161182;-0.160818;2.876622;-0.4543049;-0.386846;3.116045;-0.4822327;-0.4591437;3.105064;-0.2646365;0.08195084;2.707627;-0.2294692;-0.2328703;2.704964;-0.2088122;-0.5473022;2.720398;-0.1932305;-0.6162381;2.648218;-0.2739134;0.5390822;2.56207;-0.4843555;0.0006053851;2.330934;-0.514998;0.03455096;2.327375;-0.05410504;0.02052316;2.885496;-0.08151601;0.05173735;2.832;
-0.3093358;0.06669403;2.683175;-0.2827381;0.333172;2.601335;-0.2549515;0.5916746;2.506909;-0.2456814;0.7265439;2.463873;-0.3971047;0.4745835;2.46385;-0.4992685;0.2801185;2.45645;-0.4998789;0.1037457;2.346204;-0.4942169;0.04985829;2.313063;-0.1107469;0.4854781;2.549053;-0.06777307;0.2789876;2.689082;-0.02968692;0.103005;2.770188;-0.04245369;0.04765412;2.802298;-0.3620508;0.06637307;2.637387;-0.4071055;-0.17155;2.804339;-0.4481874;-0.3700605;3.065239;-0.4183829;-0.4359141;2.963015;-0.2489577;0.06537593;2.66028;-0.2211803;-0.2306978;2.67896;-0.2088974;-0.5482147;2.718391;-0.192333;-0.6171754;2.646634;-0.2620906;0.5282282;2.532711;-0.4837265;-0.008210333;2.286891;-0.5074295;0.03869149;2.2816;-0.04942442;0.001261903;2.843322;-0.06852483;0.05029434;2.769733;
-0.2935047;0.05313542;2.642768;-0.2678141;0.3186197;2.558633;-0.2416754;0.5766595;2.463959;-0.2322666;0.7150576;2.424397;-0.386434;0.4671049;2.430286;-0.4888603;0.2671949;2.428404;-0.4967914;0.08522218;2.328986;-0.4915101;0.03843376;2.294228;-0.09569253;0.4719191;2.506134;-0.05371742;0.261608;2.648647;-0.01688683;0.08128319;2.72171;-0.03233596;0.02651173;2.752246;-0.3450487;0.0519172;2.594406;-0.4152725;-0.1696586;2.70858;-0.4351642;-0.3561035;2.980207;-0.4087909;-0.4222346;2.877042;-0.2341529;0.05282821;2.621734;-0.2180061;-0.2350408;2.659499;-0.2084925;-0.5472642;2.716366;-0.1869122;-0.6180484;2.640179;-0.2483535;0.5132955;2.489668;-0.4908324;-0.020857;2.268478;-0.5095577;-0.006239669;2.266429;-0.03724788;-0.02226318;2.799698;-0.05907039;0.02457684;2.721917;
-0.2784644;0.04301218;2.60894;-0.258469;0.3121389;2.529236;-0.2366115;0.5727593;2.436815;-0.2224521;0.7048902;2.395367;-0.378758;0.4610685;2.401053;-0.4840962;0.2573417;2.413738;-0.4930502;0.07301478;2.319275;-0.4901952;0.01500731;2.283761;-0.08735406;0.4643517;2.472078;-0.04402862;0.2487122;2.596205;-0.01138848;0.0638398;2.660999;-0.02186451;0.01333673;2.687714;-0.3324916;0.04493413;2.567203;-0.407723;-0.1904895;2.63627;-0.4319051;-0.3582513;2.918772;-0.4068758;-0.4239642;2.8149;-0.2170162;0.03959192;2.581192;-0.2114689;-0.2459777;2.647039;-0.2082387;-0.5481064;2.715498;-0.1869241;-0.6187056;2.640466;-0.2423094;0.5088276;2.462123;-0.495789;-0.04308771;2.266487;-0.5041077;0.01115086;2.250773;-0.01770804;-0.03776711;2.727198;-0.05261029;-0.001021931;2.665364;
-0.2540428;0.02567059;2.542699;-0.2361134;0.2937495;2.457754;-0.2173044;0.5538201;2.361233;-0.2049252;0.6912554;2.322741;-0.3671242;0.4444397;2.336426;-0.464916;0.2371696;2.376217;-0.4910241;0.0427098;2.314492;-0.4873033;-0.0005462186;2.298039;-0.06944156;0.4430796;2.393677;-0.02754786;0.2153095;2.49858;0.006927172;0.02145214;2.535677;-0.01001922;-0.02694707;2.552729;-0.308454;0.03228457;2.500725;-0.3784229;-0.2243825;2.509696;-0.4188321;-0.4291559;2.765894;-0.3985483;-0.4941593;2.661484;-0.1927284;0.0183591;2.515555;-0.2030284;-0.2552055;2.633672;-0.2075146;-0.5465828;2.714592;-0.1856371;-0.6178388;2.636539;-0.2221763;0.4900091;2.387477;-0.5021741;-0.06025979;2.277064;-0.5111562;-0.01497629;2.273616;-0.006226863;-0.07440524;2.581694;-0.03742391;-0.02558294;2.5225;
-0.248157;0.02011516;2.524273;-0.2304422;0.2876872;2.438062;-0.2118784;0.5472049;2.340194;-0.1997582;0.6817127;2.290658;-0.3648315;0.4374458;2.317979;-0.4635567;0.2285216;2.369123;-0.4857312;0.03108842;2.317524;-0.486579;-0.01326622;2.305892;-0.06444114;0.4348167;2.364689;-0.02308465;0.2002732;2.445859;0.005049086;0.002276486;2.468678;-0.004289984;-0.035303;2.479202;-0.3019902;0.02763996;2.481952;-0.3697435;-0.2369641;2.448712;-0.4038686;-0.4634826;2.687996;-0.3870007;-0.527982;2.583272;-0.1875078;0.01203638;2.497412;-0.1974842;-0.2684138;2.628849;-0.2072981;-0.5466851;2.71425;-0.186329;-0.6176435;2.636561;-0.2166846;0.4835382;2.366782;-0.5014313;-0.07334844;2.2938;-0.5054094;-0.02044818;2.276546;-0.009486531;-0.1067616;2.516687;-0.03428962;-0.0333496;2.461;
-0.2399332;0.009247605;2.494422;-0.2218029;0.2755057;2.401562;-0.2028891;0.5336722;2.296391;-0.194023;0.6689955;2.25131;-0.3622956;0.4260244;2.28395;-0.4599383;0.218141;2.360936;-0.4866509;0.01968948;2.317758;-0.4885252;-0.02509627;2.316801;-0.05845144;0.4172073;2.3156;-0.01708637;0.1849785;2.397044;0.01195927;-0.0141968;2.411818;-0.002806424;-0.06815437;2.417796;-0.294598;0.01834387;2.455801;-0.3611504;-0.2653129;2.418197;-0.4085405;-0.5245054;2.621406;-0.425293;-0.6064453;2.603516;-0.1785918;-0.0001918926;2.463681;-0.1983718;-0.2700072;2.617625;-0.207189;-0.5453076;2.712787;-0.1867305;-0.6167474;2.637571;-0.2077745;0.470352;2.324865;-0.5028655;-0.09144569;2.310844;-0.4938565;-0.01688015;2.28;0.004087618;-0.1204564;2.446684;-0.03350464;-0.07641197;2.404615;
-0.2394416;-0.00384724;2.46943;-0.2199148;0.2634712;2.375585;-0.1995944;0.5228922;2.270205;-0.1914914;0.6562292;2.220239;-0.3585368;0.4150267;2.259301;-0.4566569;0.2069384;2.351516;-0.4868479;0.007321484;2.320788;-0.4904131;-0.04919909;2.328517;-0.05590938;0.4065197;2.288937;-0.01530361;0.1700504;2.346274;0.01195713;-0.03101328;2.34339;-0.0004000701;-0.0881681;2.344821;-0.2938945;0.004732041;2.431449;-0.3599472;-0.3109426;2.38605;-0.4040933;-0.5964951;2.548211;-0.4230893;-0.659499;2.47314;-0.1782786;-0.01227313;2.438337;-0.1967203;-0.2900881;2.603567;-0.2065082;-0.5502241;2.710176;-0.1838606;-0.6203147;2.639791;-0.2048274;0.4592464;2.298658;-0.5028892;-0.1082442;2.335152;-0.5030524;-0.05109254;2.293905;-0.002493366;-0.1553396;2.369672;-0.03104897;-0.09903758;2.334571;
-0.2398798;-0.01955638;2.43907;-0.2197867;0.2455942;2.339748;-0.198759;0.5025166;2.228004;-0.1881897;0.6393571;2.181832;-0.3558199;0.3998451;2.22725;-0.4531513;0.1904223;2.338875;-0.4898273;-0.009037996;2.325531;-0.4900829;-0.03938735;2.329615;-0.05181627;0.3840646;2.241459;-0.01416263;0.1523896;2.295507;0.01268832;-0.04869975;2.273451;0.001228966;-0.1036932;2.269696;-0.2946572;-0.01167814;2.399407;-0.3483605;-0.3396515;2.344964;-0.3988204;-0.6442484;2.450321;-0.4184672;-0.7049729;2.373913;-0.1783198;-0.02692967;2.409504;-0.1959236;-0.3028609;2.590446;-0.2071658;-0.5525689;2.70707;-0.1797994;-0.6227368;2.635107;-0.2041867;0.4395274;2.258137;-0.5038751;-0.104322;2.344292;-0.5081021;-0.006851861;2.3155;0.002777871;-0.1674667;2.285998;-0.0247703;-0.1093975;2.251;
-0.2368603;-0.03818643;2.406863;-0.2169047;0.2301499;2.308707;-0.1961193;0.4904126;2.198995;-0.1876383;0.6251447;2.14937;-0.3561061;0.3881019;2.197495;-0.4512092;0.1798905;2.322297;-0.4906977;-0.01841401;2.327164;-0.4909937;-0.04705664;2.327675;-0.0528838;0.3682868;2.207859;-0.01469443;0.1345969;2.242787;0.0118322;-0.06518104;2.205335;0.0006769703;-0.1252569;2.201173;-0.2926396;-0.02997702;2.364455;-0.3454474;-0.3857661;2.31161;-0.3903592;-0.6688336;2.346611;-0.4106445;-0.7260742;2.265625;-0.1743499;-0.0452651;2.380025;-0.1941743;-0.3104372;2.575076;-0.2071563;-0.5538957;2.703045;-0.1790805;-0.6230547;2.634511;-0.2014761;0.426582;2.228536;-0.5029145;-0.1113077;2.348431;-0.5111054;-0.03097883;2.315;-0.005378218;-0.194238;2.224901;-0.0262976;-0.1332336;2.181654;
-0.2349562;-0.0573248;2.368055;-0.21512;0.209883;2.267548;-0.1944133;0.4689054;2.154812;-0.1893618;0.6052016;2.108073;-0.3551483;0.3719518;2.158267;-0.4481905;0.1656147;2.294346;-0.4905051;-0.0292821;2.31984;-0.4884022;-0.05602033;2.317587;-0.05423192;0.3474059;2.167328;-0.01734186;0.118278;2.19397;0.01062492;-0.0791293;2.143131;-0.0009509051;-0.1422829;2.133365;-0.2909271;-0.04787171;2.328048;-0.3427499;-0.3990118;2.269267;-0.3727171;-0.6993709;2.252648;-0.3865393;-0.7520838;2.165503;-0.1721263;-0.06509126;2.338938;-0.2000939;-0.2865942;2.51149;-0.2086796;-0.5563668;2.699484;-0.1787412;-0.623053;2.631861;-0.1997549;0.4053886;2.185168;-0.4968217;-0.1210581;2.34463;-0.5032675;-0.04834192;2.306143;-0.005203363;-0.2074936;2.143195;-0.02624616;-0.1502455;2.106517;
-0.2375852;-0.07406953;2.330101;-0.2189243;0.1935421;2.234093;-0.1991639;0.4532098;2.125898;-0.190229;0.5884677;2.077308;-0.3590812;0.3553367;2.124999;-0.4504238;0.145782;2.262709;-0.4906332;-0.04534985;2.305942;-0.4889389;-0.07595195;2.30065;-0.0582215;0.3292895;2.129936;-0.01885251;0.09916171;2.141248;0.007772261;-0.09710587;2.083959;-0.002920659;-0.1593905;2.069763;-0.293986;-0.06603187;2.288807;-0.3398702;-0.4145812;2.234566;-0.3656649;-0.7080422;2.190026;-0.3742403;-0.7585501;2.099503;-0.1741616;-0.07997546;2.302266;-0.2008852;-0.2904046;2.496076;-0.2081147;-0.5604004;2.690733;-0.1728445;-0.6264672;2.626973;-0.2042948;0.3895113;2.155123;-0.4932339;-0.1390858;2.334404;-0.508745;-0.08653682;2.285455;-0.01256415;-0.2277448;2.08029;-0.02846799;-0.165351;2.044086;
-0.2377677;-0.09206957;2.287489;-0.2227643;0.1732647;2.191102;-0.2068306;0.4303957;2.082429;-0.1942474;0.5673984;2.039381;-0.3648082;0.3363867;2.088071;-0.4548067;0.126554;2.226415;-0.4911835;-0.06696034;2.264257;-0.4907416;-0.116278;2.279023;-0.06514043;0.309216;2.085953;-0.02129874;0.08008263;2.10053;0.001088823;-0.1141893;2.033314;-0.005959354;-0.1773617;2.014143;-0.2941547;-0.08446014;2.252677;-0.3312873;-0.4274136;2.199189;-0.3558179;-0.714691;2.148046;-0.364546;-0.7687531;2.061826;-0.1741871;-0.09635392;2.253619;-0.1957306;-0.2942177;2.433327;-0.2050654;-0.5416054;2.655536;-0.1734497;-0.624227;2.627706;-0.2109956;0.3673512;2.111772;-0.4866427;-0.1661187;2.303394;-0.5088726;-0.1162584;2.263866;-0.01450454;-0.2443004;2.020607;-0.0324508;-0.1438145;2.026;
-0.2316722;-0.1121557;2.241572;-0.2226618;0.156065;2.154669;-0.2112547;0.4158216;2.054159;-0.1983499;0.5495756;2.005274;-0.3722074;0.3141682;2.048176;-0.4598541;0.10134;2.184055;-0.4980761;-0.09138488;2.223544;-0.4938368;-0.1399707;2.242154;-0.07060444;0.2897872;2.048651;-0.02862519;0.06029133;2.049471;-0.0001864136;-0.131761;1.977275;-0.008679979;-0.1974666;1.961886;-0.2886519;-0.107645;2.207633;-0.3267915;-0.438589;2.161964;-0.3546146;-0.7687034;2.12521;-0.3741181;-0.825608;2.048228;-0.1675431;-0.1132165;2.206476;-0.1956605;-0.3194608;2.404277;-0.2004653;-0.5503666;2.642524;-0.1718741;-0.6254644;2.625655;-0.2144198;0.3521497;2.081593;-0.4884009;-0.1720982;2.263713;-0.5132871;-0.1362643;2.224077;-0.01851288;-0.2637001;1.967586;-0.03495285;-0.1998406;1.939441;
-0.2327263;-0.1354539;2.200789;-0.2263529;0.1353505;2.110269;-0.2185888;0.3984295;2.008261;-0.2039545;0.5355687;1.966062;-0.3785857;0.2983967;2.010133;-0.4624519;0.07795838;2.137823;-0.496964;-0.1165807;2.173409;-0.4953476;-0.1314826;2.177306;-0.07370791;0.2738827;2.00835;-0.03206671;0.041814;2.002602;-0.003538327;-0.1514197;1.933823;-0.01166839;-0.2079199;1.916863;-0.2889099;-0.1269411;2.15813;-0.3263318;-0.4510872;2.118047;-0.3532386;-0.768288;2.125215;-0.3660424;-0.8272287;2.048074;-0.1691317;-0.138428;2.175107;-0.1867772;-0.3332375;2.343364;-0.1932657;-0.5395724;2.601862;-0.1952247;-0.6028265;2.496363;-0.2207828;0.3338696;2.035853;-0.4962065;-0.195094;2.208094;-0.5104353;-0.1413404;2.156579;-0.0164985;-0.2735349;1.917026;-0.04051102;-0.1906286;1.92;
-0.2444646;-0.1864684;2.016944;-0.2402329;0.09070081;1.936247;-0.2342653;0.3590725;1.84292;-0.218615;0.4984345;1.80689;-0.3904047;0.2517809;1.826572;-0.4679972;0.01079014;1.915708;-0.4820602;-0.1921368;1.906878;-0.4838079;-0.2044291;1.908456;-0.0861462;0.2355374;1.849163;-0.05035101;-0.001299569;1.867836;-0.01976903;-0.1987535;1.816631;-0.02606559;-0.2572497;1.80127;-0.2977573;-0.1834919;1.979909;-0.3411051;-0.4716084;2.007205;-0.3523388;-0.7677417;2.124611;-0.3655158;-0.8272118;2.048434;-0.1828352;-0.183094;1.985283;-0.1536162;-0.4224027;2.063887;-0.152833;-0.6055252;2.338099;-0.1470504;-0.6666593;2.232427;-0.2360539;0.293308;1.86844;-0.4824907;-0.2729344;1.920301;-0.4957074;-0.2028;1.879469;-0.03545692;-0.3253149;1.808163;-0.05245603;-0.256793;1.781297;
-0.2492671;-0.1922709;1.987843;-0.2432683;0.08524091;1.90629;-0.2354827;0.3538674;1.81193;-0.2186822;0.4942864;1.775212;-0.3906191;0.2419962;1.790064;-0.4679878;0.003197922;1.858033;-0.4758134;-0.1995434;1.829525;-0.4750881;-0.2190202;1.827414;-0.08608925;0.2305589;1.822608;-0.04924726;-0.00729445;1.849754;-0.01934833;-0.2071209;1.811474;-0.02704269;-0.2615665;1.784883;-0.3031061;-0.1908234;1.947768;-0.3401414;-0.4731744;2.005725;-0.3516718;-0.7675519;2.122813;-0.3653623;-0.8280749;2.048426;-0.1868621;-0.1872257;1.959098;-0.1481338;-0.4408987;2.000285;-0.1499007;-0.6246419;2.273974;-0.1408063;-0.6854494;2.168689;-0.2377325;0.2880554;1.837721;-0.4696545;-0.2900241;1.837162;-0.4959206;-0.2128299;1.810154;-0.0342642;-0.3282792;1.788822;-0.05816565;-0.2598925;1.791334;
-0.2534474;-0.1982785;1.951628;-0.2450999;0.07859858;1.868311;-0.2348834;0.3464958;1.772113;-0.2198455;0.4866389;1.733744;-0.3901789;0.2353248;1.747999;-0.4635082;-0.001582314;1.803306;-0.473108;-0.201415;1.753878;-0.4665254;-0.2281368;1.750892;-0.08605693;0.2229603;1.785283;-0.04666355;-0.01600458;1.822993;-0.01881193;-0.2172685;1.794685;-0.02540197;-0.2711588;1.770849;-0.3075202;-0.1977743;1.909732;-0.3391341;-0.4782468;1.999148;-0.3513733;-0.7671752;2.122665;-0.3657402;-0.8283935;2.04961;-0.1904725;-0.1918696;1.925024;-0.1442519;-0.4520444;1.936475;-0.1442712;-0.658944;2.193857;-0.1338647;-0.7191916;2.08901;-0.2377483;0.2808846;1.798368;-0.4575051;-0.3003938;1.753031;-0.4557653;-0.2281048;1.77;-0.03490202;-0.3346793;1.779978;-0.05830183;-0.2650242;1.778;
-0.2552077;-0.2045027;1.924484;-0.2465883;0.07107949;1.836294;-0.2360699;0.3376122;1.734924;-0.2193598;0.4796419;1.69803;-0.3868697;0.2255361;1.705337;-0.4560697;-0.004634096;1.745655;-0.4636236;-0.202843;1.687704;-0.455242;-0.2584492;1.682004;-0.08444689;0.2172738;1.756335;-0.04480821;-0.02362884;1.805387;-0.01739945;-0.2251778;1.779723;-0.02254737;-0.2775453;1.759886;-0.3089408;-0.2055103;1.880879;-0.3398081;-0.4834412;1.991122;-0.3507785;-0.7679886;2.121811;-0.3661131;-0.8293076;2.049324;-0.1923757;-0.1963466;1.899442;-0.1389997;-0.4626362;1.903752;-0.1403312;-0.7047674;2.130126;-0.1256321;-0.7645016;2.02647;-0.2390158;0.272357;1.762498;-0.4447003;-0.3153929;1.683809;-0.4509735;-0.2997086;1.7306;-0.03072722;-0.3395621;1.77197;-0.05349967;-0.2738249;1.769;
-0.2555798;-0.215187;1.893585;-0.2463286;0.06037966;1.80198;-0.2351472;0.3271374;1.697507;-0.2178878;0.4671455;1.655488;-0.3837063;0.214519;1.665255;-0.4528377;-0.009522289;1.693847;-0.4540319;-0.204456;1.622921;-0.4430268;-0.26465;1.608182;-0.08108194;0.2087307;1.720127;-0.04251979;-0.03113139;1.784502;-0.01308898;-0.2328257;1.767677;-0.01522025;-0.2665521;1.753236;-0.3090108;-0.2162134;1.852575;-0.3398838;-0.4922363;1.9813;-0.3495903;-0.768196;2.118617;-0.3655045;-0.8299571;2.047151;-0.1929214;-0.2063278;1.866109;-0.1348972;-0.4825796;1.845304;-0.127569;-0.7581967;2.032249;-0.1061401;-0.8388672;2.009766;-0.2382641;0.2618155;1.725825;-0.4278426;-0.3267821;1.603948;-0.4447187;-0.2991049;1.66;-0.01930228;-0.3353303;1.755627;-0.04561611;-0.242316;1.765187;
-0.2318552;-0.2597166;1.794931;-0.229304;0.0155132;1.693775;-0.2246026;0.2820179;1.579301;-0.2074545;0.4252359;1.543555;-0.3623511;0.164407;1.547242;-0.4334838;-0.05770847;1.540389;-0.4210381;-0.2419901;1.442867;-0.4051644;-0.2967413;1.414545;-0.06773258;0.1673467;1.61298;-0.01995668;-0.07347544;1.709612;0.0189738;-0.2704649;1.731686;0.008579148;-0.2854625;1.731383;-0.2870955;-0.2597961;1.752283;-0.3264315;-0.5070053;1.914132;-0.3460353;-0.7722027;2.103571;-0.363472;-0.8376061;2.040911;-0.1678;-0.2497627;1.769335;-0.1168855;-0.6102622;1.740421;-0.07185358;-0.8858422;1.75678;-0.1026534;-0.9394996;1.686145;-0.2261373;0.2167801;1.610165;-0.3859933;-0.3543504;1.404732;-0.4468732;-0.3033019;1.4462;0.003831206;-0.3575279;1.745241;-0.02218388;-0.2689559;1.7234;
-0.2338051;-0.2700963;1.769089;-0.2284971;0.004119846;1.668678;-0.2210551;0.2695327;1.554567;-0.2027463;0.4112574;1.517125;-0.3564581;0.1505197;1.518013;-0.4255999;-0.07072411;1.502442;-0.4108398;-0.2488648;1.393293;-0.3934867;-0.3052635;1.359294;-0.06337217;0.1555562;1.588384;-0.01516462;-0.07827608;1.693442;0.02211745;-0.2726735;1.729222;0.009571369;-0.3234413;1.730556;-0.2890487;-0.2685727;1.725094;-0.3235677;-0.5104485;1.903231;-0.344426;-0.7772555;2.097277;-0.365777;-0.8432449;2.039711;-0.1695677;-0.2612103;1.744819;-0.1175471;-0.5997958;1.699384;-0.06395189;-0.8651218;1.677541;-0.09231417;-0.921954;1.611289;-0.2232752;0.2045785;1.585378;-0.372423;-0.3642177;1.345092;-0.4333632;-0.3289929;1.388625;0.003375063;-0.3595463;1.748339;-0.02080569;-0.3259039;1.710333;
-0.2279645;-0.2909126;1.724006;-0.2207375;-0.01873373;1.624871;-0.2114652;0.2449593;1.512225;-0.1929192;0.3882692;1.47593;-0.3432671;0.1268623;1.474104;-0.4170585;-0.09039559;1.463782;-0.4031397;-0.2650957;1.348641;-0.3806424;-0.3171957;1.308505;-0.0531905;0.1389066;1.55397;-0.002745443;-0.09558465;1.662779;0.03294254;-0.286066;1.712759;0.01875477;-0.3345538;1.720618;-0.2829003;-0.2883747;1.6784;-0.3124098;-0.5143515;1.853465;-0.3391318;-0.7585435;2.076351;-0.3591965;-0.8294066;2.043812;-0.1641003;-0.2817565;1.702042;-0.1188814;-0.5955906;1.66426;-0.06379633;-0.8556225;1.628794;-0.07918592;-0.9138721;1.55798;-0.2141244;0.1804032;1.542659;-0.359695;-0.3747183;1.289436;-0.4249892;-0.327055;1.343167;0.01207197;-0.3680657;1.745613;-0.01140511;-0.3288443;1.701632;
-0.2234955;-0.3084792;1.684893;-0.2132431;-0.03604103;1.592356;-0.2013189;0.2277358;1.485014;-0.1846402;0.3714466;1.448921;-0.3350043;0.1096296;1.446103;-0.4086236;-0.1081529;1.434714;-0.3935589;-0.275708;1.308735;-0.3700499;-0.3296253;1.26564;-0.04210803;0.121632;1.523645;0.008161481;-0.1127982;1.636551;0.05033909;-0.3017101;1.687027;0.03048604;-0.3456971;1.705321;-0.2792904;-0.3058545;1.637691;-0.3090917;-0.5236265;1.837229;-0.3420131;-0.7637119;2.063711;-0.3606459;-0.8348131;2.035911;-0.158701;-0.2988499;1.663875;-0.11413;-0.5887414;1.616144;-0.07315175;-0.8557427;1.609437;-0.04951259;-0.9106352;1.510514;-0.2046093;0.1631805;1.514239;-0.3481337;-0.3856337;1.241544;-0.4016251;-0.3609519;1.278769;0.02113016;-0.3792179;1.733097;0.001369012;-0.3269508;1.677938;
-0.2140308;-0.3324111;1.63322;-0.2009907;-0.06023495;1.547582;-0.1872407;0.2051382;1.450462;-0.1721757;0.3473406;1.412387;-0.3207796;0.08520472;1.408041;-0.4017421;-0.1297034;1.401693;-0.3872728;-0.2993683;1.278715;-0.3595302;-0.3459992;1.227862;-0.02755427;0.0995743;1.486069;0.02347478;-0.1353514;1.604091;0.0612846;-0.321488;1.664323;0.05128514;-0.3202735;1.659789;-0.2699293;-0.3290649;1.586188;-0.2835363;-0.5175225;1.750768;-0.3316212;-0.730212;1.999342;-0.3036599;-0.7889235;1.898367;-0.149293;-0.3220026;1.612663;-0.1072436;-0.5895168;1.572251;-0.08232956;-0.9252537;1.602428;-0.05807604;-0.9785277;1.503585;-0.1908199;0.1399697;1.476867;-0.3381461;-0.3976633;1.201776;-0.3985941;-0.3663616;1.254333;0.04649248;-0.3889458;1.695484;0.01855374;-0.32222;1.642667;
-0.2087751;-0.3508804;1.584495;-0.1918501;-0.07690532;1.509897;-0.1734618;0.1876698;1.418084;-0.1613348;0.3329828;1.384096;-0.3110504;0.07001389;1.3789;-0.3944331;-0.1495498;1.375109;-0.3772136;-0.3139849;1.245012;-0.3504539;-0.3605487;1.198981;-0.01547597;0.08298583;1.457808;0.03645266;-0.1490609;1.570817;0.07220358;-0.340477;1.617132;0.06357402;-0.3316478;1.625601;-0.2667697;-0.343248;1.53658;-0.2909773;-0.5819547;1.747365;-0.3320827;-0.7776086;2.010123;-0.3040602;-0.8352751;1.9089;-0.1419315;-0.3435982;1.565053;-0.1003446;-0.6061253;1.526246;-0.09059672;-0.9373295;1.594011;-0.0683106;-0.9894074;1.499406;-0.1783881;0.1230296;1.44371;-0.3284977;-0.4164941;1.175014;-0.3958952;-0.3752671;1.236286;0.06135258;-0.3974815;1.662443;0.02567305;-0.3373625;1.596545;
-0.1985765;-0.3690034;1.545993;-0.1803063;-0.09218746;1.472809;-0.1613874;0.1764816;1.38663;-0.1481217;0.3191431;1.349044;-0.3034625;0.05872156;1.35106;-0.3875633;-0.1596735;1.35716;-0.3714687;-0.3265987;1.230304;-0.3498364;-0.3614414;1.190875;-0.002684234;0.06801328;1.421799;0.04743231;-0.1633862;1.536468;0.08348089;-0.3496495;1.597001;0.07228382;-0.3800526;1.611173;-0.2537601;-0.3621233;1.500304;-0.3501485;-0.5959789;1.712087;-0.3278068;-0.778973;1.986396;-0.3511622;-0.8330992;2.002386;-0.1347789;-0.3599641;1.524227;-0.09817929;-0.6224957;1.491792;-0.08686371;-0.9520027;1.565169;-0.06762321;-1.003323;1.471087;-0.166256;0.1106874;1.410399;-0.3314426;-0.410392;1.152948;-0.3818035;-0.3935934;1.202467;0.06668793;-0.4170482;1.642174;0.04127523;-0.3664045;1.583167;
-0.1553881;-0.4145941;1.387843;-0.1425335;-0.128309;1.325332;-0.1282156;0.1487224;1.24702;-0.114934;0.2916721;1.208236;-0.2783639;0.03644938;1.222358;-0.3556764;-0.2041382;1.274423;-0.3483377;-0.4005174;1.209177;-0.3432002;-0.4204212;1.189207;0.03027766;0.03766827;1.270486;0.07308345;-0.1940966;1.363557;0.1131642;-0.3909594;1.382633;0.09802205;-0.4324127;1.399457;-0.2114574;-0.4009392;1.346935;-0.2645621;-0.6517534;1.357621;-0.2447978;-0.8416859;1.62666;-0.2996525;-0.908965;1.653971;-0.09190879;-0.4084483;1.362469;-0.07176658;-0.6822224;1.410697;-0.0524534;-0.9832055;1.493673;-0.03886564;-1.033918;1.392342;-0.1320224;0.08101242;1.269075;-0.335358;-0.4882142;1.179033;-0.3810918;-0.4096734;1.208714;0.1018226;-0.4716574;1.420124;0.06589648;-0.4241363;1.373893;
-0.152777;-0.4171163;1.370037;-0.1402577;-0.1314215;1.306544;-0.126273;0.1449997;1.227077;-0.1125077;0.2868466;1.186676;-0.27768;0.03419651;1.208247;-0.3551951;-0.2075905;1.269772;-0.3496597;-0.4048779;1.207459;-0.3449613;-0.4245919;1.195185;0.03232195;0.03496997;1.245556;0.07400642;-0.2007796;1.326041;0.1130369;-0.4002548;1.324003;0.09785935;-0.443426;1.336241;-0.2088077;-0.4014683;1.331984;-0.2598841;-0.6581777;1.296785;-0.3296892;-0.9911831;1.289299;-0.3142924;-1.04294;1.18952;-0.08940305;-0.4129369;1.341516;-0.07140367;-0.6954989;1.412053;-0.05600649;-0.9751912;1.507769;-0.04573704;-1.026238;1.405837;-0.1299974;0.07745548;1.249438;-0.3381502;-0.4933089;1.186911;-0.3183922;-0.4146894;1.222778;0.09830108;-0.4865496;1.356225;0.06761605;-0.4347054;1.314341;
-0.1484796;-0.421414;1.338902;-0.1364244;-0.1376815;1.273315;-0.122887;0.1367669;1.191503;-0.1102153;0.2787695;1.150751;-0.2768309;0.02946141;1.179446;-0.3528784;-0.2117856;1.259381;-0.3519871;-0.4112328;1.205901;-0.3412305;-0.4285256;1.203681;0.03463599;0.02829781;1.205554;0.07270269;-0.2082055;1.275556;0.1124245;-0.4078762;1.267417;0.09559863;-0.4539196;1.272785;-0.2040188;-0.4038833;1.301464;-0.2542987;-0.6604859;1.25487;-0.323073;-0.9936635;1.232792;-0.3112187;-1.044932;1.133107;-0.08566998;-0.4182201;1.310505;-0.07337032;-0.7111565;1.411581;-0.06470856;-0.9617792;1.519083;-0.05787535;-1.01324;1.416704;-0.1265029;0.06973352;1.214477;-0.3376385;-0.5026363;1.193813;-0.2942602;-0.4334335;1.192565;0.09247355;-0.4953749;1.290763;0.06696835;-0.452552;1.259571;
-0.1479339;-0.4289046;1.313364;-0.1353505;-0.1458386;1.24811;-0.1212366;0.1282216;1.166676;-0.1096888;0.2674321;1.122192;-0.2755691;0.02358293;1.155197;-0.3523916;-0.216889;1.247737;-0.3557585;-0.4180727;1.204549;-0.3475136;-0.43022;1.197945;0.03490156;0.0195636;1.174706;0.07594888;-0.2243106;1.234093;0.1056783;-0.4253449;1.209955;0.0974337;-0.4423469;1.207477;-0.2036845;-0.40972;1.2774;-0.2697107;-0.7080637;1.186433;-0.3345996;-0.9918303;1.12583;-0.3237896;-1.039533;1.02707;-0.08476669;-0.4267347;1.283426;-0.07518668;-0.7146931;1.406086;-0.06905296;-0.9516396;1.526488;-0.06431468;-1.003289;1.423812;-0.1250005;0.06127187;1.189557;-0.3400694;-0.5029896;1.198424;-0.3012276;-0.4253848;1.165583;0.09523499;-0.5142002;1.21877;0.06900267;-0.4280071;1.221409;
-0.1486613;-0.4386014;1.288489;-0.1352347;-0.157533;1.220425;-0.1201131;0.1146262;1.135724;-0.1098566;0.251087;1.087993;-0.2749878;0.01418432;1.127194;-0.3536886;-0.2231735;1.231979;-0.3621172;-0.4257393;1.202885;-0.3565311;-0.4348607;1.194858;0.03537074;0.005673293;1.141918;0.07627233;-0.2403975;1.189963;0.1003921;-0.441017;1.153702;0.09369461;-0.4596882;1.145094;-0.204932;-0.4174085;1.252023;-0.2734101;-0.7154904;1.165984;-0.3406555;-0.9992183;1.110079;-0.3314424;-1.046851;1.01167;-0.08483827;-0.4375215;1.259424;-0.07892136;-0.7171546;1.390778;-0.07570353;-0.9514862;1.520347;-0.07259271;-1.003258;1.417797;-0.1241466;0.04815156;1.159479;-0.3520003;-0.5086735;1.198798;-0.3140031;-0.4162091;1.157516;0.08803739;-0.5295928;1.150107;0.06916946;-0.44015;1.171091;
