-0.2968699;1.051759;3.91077;-0.2898786;1.295789;3.815066;-0.2786773;1.532384;3.709507;-0.2770325;1.652606;3.66832;-0.4237121;1.409572;3.68577;-0.4779783;1.160702;3.7685;-0.5092103;0.9466972;3.818259;-0.5000469;0.9069389;3.859184;-0.1314849;1.444441;3.752938;-0.09027693;1.197081;3.820772;-0.1051203;0.9768075;3.852482;-0.1378789;0.9607375;3.883427;-0.3622462;1.04028;3.861446;-0.3635025;0.757802;4.035337;-0.3823263;0.4839369;4.207113;-0.4528775;0.4437078;4.204051;-0.2265376;1.045941;3.897623;-0.2413459;0.7902628;4.037148;-0.2866267;0.4911923;4.205661;-0.2618839;0.4097489;4.11256;-0.281848;1.474388;3.737715;-0.4926402;0.8764071;3.877083;-0.4839496;0.9038438;3.837;-0.1413875;0.9436659;3.892482;-0.1466807;0.9576163;3.850833;
-0.2937395;1.04719;3.906984;-0.2855246;1.291537;3.808868;-0.2748088;1.529047;3.701271;-0.2722248;1.65075;3.663625;-0.4190059;1.405804;3.679537;-0.4774757;1.159699;3.763256;-0.5152757;0.9450088;3.806244;-0.5044842;0.9042406;3.856727;-0.1259454;1.443716;3.745328;-0.08377583;1.205694;3.807084;-0.1029288;0.9883902;3.85076;-0.1124691;1.00807;3.846691;-0.3586898;1.03549;3.857915;-0.3674575;0.7577751;4.030427;-0.3803413;0.4844261;4.206246;-0.4519108;0.446054;4.20295;-0.2240402;1.04199;3.893839;-0.2442624;0.7803906;4.03894;-0.2868108;0.4915516;4.205403;-0.2637485;0.4067913;4.196567;-0.2777401;1.470808;3.729984;-0.4977951;0.8762406;3.876413;-0.4820008;0.9006738;3.838909;-0.1357825;0.9474297;3.88695;-0.141699;1.000487;3.815636;
-0.2888479;1.043054;3.902443;-0.2801276;1.289375;3.804654;-0.2697483;1.528594;3.697565;-0.2689906;1.648018;3.660811;-0.4169878;1.402502;3.677542;-0.4771666;1.157308;3.759436;-0.5164069;0.9442966;3.807721;-0.5118371;0.9027769;3.853188;-0.1195874;1.444554;3.739601;-0.07945894;1.197646;3.799634;-0.1016679;0.9816632;3.84717;-0.1409161;0.9497285;3.877175;-0.3535649;1.030701;3.852949;-0.3656196;0.7555952;4.026397;-0.3784776;0.4845072;4.204665;-0.4500116;0.4468105;4.202374;-0.2195298;1.038633;3.889765;-0.2432216;0.782361;4.034806;-0.2868223;0.4915954;4.205283;-0.2603463;0.4088263;4.19993;-0.2725453;1.469956;3.726142;-0.5137919;0.8714175;3.878411;-0.484836;0.8966567;3.834667;-0.1567923;0.9101778;3.884472;-0.1478146;0.9482878;3.8439;
-0.2858135;1.039443;3.899143;-0.2765182;1.287177;3.801276;-0.2658671;1.527692;3.694103;-0.2654186;1.64308;3.657505;-0.4147732;1.400919;3.67522;-0.4770991;1.154153;3.756174;-0.5220985;0.9421549;3.803792;-0.5126765;0.8978487;3.837566;-0.1150308;1.442252;3.733149;-0.07760528;1.195507;3.795146;-0.1097726;0.9801103;3.840052;-0.1359721;0.9608221;3.862796;-0.3508035;1.027946;3.851128;-0.362613;0.7520923;4.019703;-0.3765904;0.4832497;4.202219;-0.4516587;0.4495318;4.194629;-0.2162592;1.034077;3.884566;-0.2405169;0.7734918;4.034996;-0.2868871;0.4914345;4.20513;-0.2697506;0.403931;4.190261;-0.2687111;1.468735;3.722702;-0.5217857;0.8672307;3.859906;-0.4910905;0.8924076;3.821923;-0.1514309;0.9201753;3.882466;-0.1544321;0.9575462;3.8272;
-0.2757124;1.019209;3.858258;-0.2657721;1.262957;3.756914;-0.2555775;1.500311;3.647855;-0.2455884;1.615137;3.610894;-0.4039804;1.385361;3.647682;-0.4639349;1.143712;3.734756;-0.4715558;0.9306577;3.794894;-0.4858584;0.921558;3.801878;-0.09877585;1.419308;3.680713;-0.05838898;1.194113;3.748708;-0.1326904;0.9915521;3.800376;-0.1447633;0.961496;3.832699;-0.3416366;1.011673;3.818744;-0.3266366;0.7001472;3.957139;-0.4019861;0.4155168;4.089729;-0.3989258;0.3263275;4.047538;-0.2060798;1.011449;3.837774;-0.2330951;0.7197581;4.029461;-0.2877027;0.4831057;4.181551;-0.2736125;0.4007423;4.086625;-0.2582479;1.442132;3.676912;-0.4841355;0.856703;3.82642;-0.4635398;0.8848877;3.79025;-0.1667853;0.8941338;3.871729;-0.1780315;0.9612333;3.808182;
-0.2765725;1.011941;3.848904;-0.264847;1.256988;3.748334;-0.2526599;1.494771;3.638525;-0.2457151;1.60828;3.595053;-0.3986332;1.375964;3.633187;-0.459249;1.14502;3.721823;-0.4708188;0.9341391;3.787493;-0.4639159;0.9249586;3.797588;-0.09944903;1.412105;3.671038;-0.05838723;1.18839;3.742661;-0.1335882;0.9862638;3.794452;-0.1472441;0.9510089;3.819566;-0.3422874;1.001133;3.80411;-0.3271222;0.6928845;3.949514;-0.382047;0.3963996;4.045264;-0.3947039;0.3115042;3.990014;-0.2066907;1.006232;3.831313;-0.209428;0.7548289;4.0001;-0.2844286;0.4715224;4.156099;-0.2684601;0.3893131;4.061444;-0.2558419;1.436495;3.667797;-0.4589505;0.857724;3.818971;-0.424293;0.920175;3.788889;-0.1711576;0.8869356;3.851813;-0.1814865;0.9539344;3.790778;
-0.27998;1.005369;3.83892;-0.2654518;1.250947;3.738819;-0.2505955;1.489031;3.629065;-0.2441991;1.599195;3.581076;-0.3979875;1.371262;3.624884;-0.4567271;1.132731;3.714132;-0.4739852;0.9228147;3.781082;-0.461296;0.9225076;3.786191;-0.09957927;1.403534;3.662339;-0.05944988;1.177665;3.737006;-0.1126822;0.9677603;3.785899;-0.1327445;0.9463888;3.810781;-0.3452212;0.9950714;3.794752;-0.3237288;0.6913567;3.931757;-0.3680977;0.3893881;4.01383;-0.3815747;0.2892831;3.918812;-0.2103324;0.9993558;3.820885;-0.2217363;0.7170279;4.005383;-0.2802256;0.4749478;4.153412;-0.2647297;0.3926871;4.058693;-0.2544367;1.430698;3.658348;-0.4564978;0.855334;3.808759;-0.4218221;0.9325549;3.768714;-0.151702;0.8869141;3.844147;-0.1574861;0.9323622;3.785154;
-0.2813461;1.000908;3.831365;-0.2668224;1.243955;3.728747;-0.2517498;1.479381;3.616603;-0.2456892;1.589105;3.565257;-0.398862;1.363924;3.613063;-0.4565544;1.129536;3.705435;-0.4775725;0.9216831;3.77667;-0.4630521;0.9206098;3.777123;-0.09984951;1.39657;3.653473;-0.06213544;1.167431;3.728987;-0.05679945;0.9491801;3.771439;-0.09264465;0.9578885;3.793564;-0.3462991;0.9909147;3.789943;-0.319954;0.6988966;3.915026;-0.3652186;0.3763704;3.986065;-0.371357;0.2869832;3.914729;-0.2119498;0.9946769;3.80979;-0.224743;0.7124045;4.000365;-0.2694888;0.4698371;4.166705;-0.2762491;0.3828516;4.113668;-0.2556488;1.421717;3.64646;-0.4655134;0.8500673;3.79809;-0.4216476;0.9160339;3.760334;-0.09143185;0.950963;3.796433;-0.09374288;0.9532811;3.771;
-0.2871947;0.968359;3.787989;-0.2729677;1.20795;3.677651;-0.2581455;1.440467;3.558101;-0.2501094;1.551781;3.505542;-0.4006977;1.333846;3.557583;-0.4593168;1.100785;3.66075;-0.4715677;0.8966;3.74225;-0.4620665;0.9005508;3.747502;-0.1031323;1.351534;3.598817;-0.06418204;1.126355;3.694129;-0.08724177;0.9184466;3.764927;-0.1234292;0.9084083;3.788662;-0.3526007;0.9613577;3.748412;-0.3299165;0.6568719;3.879048;-0.3521829;0.3445535;3.898376;-0.3479004;0.25;3.810547;-0.217068;0.9594357;3.765272;-0.2349925;0.6917785;3.953302;-0.2564451;0.454624;4.16624;-0.2690075;0.3715131;4.104076;-0.2619722;1.383492;3.589787;-0.4519465;0.8361534;3.768158;-0.4171105;0.9011205;3.71975;-0.1435061;0.8620397;3.810491;-0.1312557;0.9069484;3.756643;
-0.29095;0.9655386;3.779676;-0.2739987;1.205863;3.671247;-0.2571625;1.438847;3.552899;-0.2508618;1.549812;3.499027;-0.4019688;1.330625;3.551878;-0.4601003;1.101578;3.653034;-0.4838479;0.8938412;3.723603;-0.4703022;0.8905948;3.738441;-0.104909;1.350367;3.590908;-0.06740796;1.12399;3.687041;-0.115396;0.9214044;3.760024;-0.128057;0.904714;3.779287;-0.3565544;0.9574336;3.737529;-0.3285781;0.6585053;3.877199;-0.351519;0.3420921;3.895735;-0.3480531;0.2501221;3.810547;-0.2205201;0.9575441;3.759143;-0.2382214;0.6899865;3.943449;-0.2503131;0.4659391;4.107349;-0.2356733;0.3831447;4.013166;-0.2614556;1.38178;3.584352;-0.4667855;0.8240511;3.763182;-0.4280795;0.8845907;3.723182;-0.1396295;0.8630576;3.799821;-0.1447574;0.9118348;3.754917;
-0.2984317;0.952346;3.757963;-0.2777358;1.194467;3.651259;-0.2571795;1.429305;3.535118;-0.2540507;1.534522;3.479543;-0.4060951;1.318848;3.535521;-0.4626611;1.092781;3.63388;-0.4943599;0.8877533;3.708251;-0.477797;0.8786137;3.723319;-0.1070587;1.336717;3.570392;-0.07749646;1.099085;3.66542;-0.07640642;0.8981829;3.754577;-0.08465304;0.9063616;3.772644;-0.3638835;0.9452764;3.717553;-0.3364901;0.658058;3.848467;-0.3503489;0.3389296;3.893083;-0.3489187;0.2483512;3.809278;-0.227932;0.9436904;3.736143;-0.2385518;0.687059;3.933868;-0.2664431;0.4349799;4.093891;-0.2531623;0.3524348;3.999311;-0.2623714;1.371778;3.56599;-0.4713395;0.8120109;3.748684;-0.4404218;0.8878666;3.70925;-0.01936929;0.8977349;3.78747;-0.1004208;0.9031186;3.7465;
-0.3002432;0.9442644;3.747787;-0.2803162;1.184046;3.636079;-0.2601553;1.416503;3.51425;-0.2577018;1.526735;3.464365;-0.4101554;1.307842;3.516261;-0.464113;1.081558;3.613595;-0.4992405;0.87852;3.691124;-0.4818326;0.8730408;3.705396;-0.11332;1.32046;3.54759;-0.07854944;1.094771;3.654886;-0.07944314;0.8867954;3.728496;-0.1191444;0.8788726;3.754721;-0.3658515;0.9385949;3.708893;-0.3373249;0.656904;3.838526;-0.3484344;0.334703;3.891046;-0.3484594;0.2475513;3.813833;-0.2295516;0.9340872;3.72421;-0.2394932;0.6827663;3.918223;-0.267859;0.4318305;4.085482;-0.2560878;0.3489105;3.991142;-0.2652954;1.359559;3.546576;-0.4819118;0.8045337;3.728231;-0.4455041;0.8652706;3.6957;-0.1211866;0.8606544;3.759484;-0.1251328;0.8730216;3.725833;
-0.303732;0.9077511;3.664639;-0.297383;1.15134;3.552473;-0.2902178;1.387697;3.431107;-0.2847622;1.493983;3.389304;-0.4320366;1.278057;3.432552;-0.4781722;1.037107;3.529906;-0.4982862;0.8371814;3.618589;-0.4808811;0.8166958;3.632305;-0.1311905;1.284949;3.462142;-0.08106673;1.061685;3.573092;-0.1092223;0.8594624;3.655291;-0.1309446;0.8316304;3.69084;-0.3700939;0.8991255;3.626396;-0.345322;0.6156061;3.771637;-0.3497277;0.3182253;3.879639;-0.3465943;0.2356195;3.814909;-0.232202;0.9009275;3.640512;-0.2239679;0.6520365;3.830283;-0.2458089;0.4415631;4.100456;-0.2354633;0.358708;4.005754;-0.2921655;1.329781;3.463241;-0.4781649;0.7511587;3.64505;-0.4449693;0.8207246;3.620692;-0.1495365;0.7910701;3.702851;-0.1487809;0.8355981;3.669312;
-0.2980094;0.9056685;3.661619;-0.2940933;1.149499;3.547603;-0.2889148;1.385722;3.423141;-0.2881154;1.493852;3.377825;-0.4350278;1.275541;3.424143;-0.4837203;1.025531;3.526926;-0.492357;0.820303;3.606358;-0.474545;0.7847763;3.621848;-0.1317685;1.283916;3.455847;-0.08410075;1.048629;3.565549;-0.09231284;0.84288;3.644012;-0.1071988;0.8314818;3.660416;-0.3626794;0.8961284;3.623122;-0.3454503;0.6029197;3.769688;-0.3500207;0.3207817;3.878531;-0.3461513;0.2366914;3.817554;-0.227992;0.8996154;3.637742;-0.2196291;0.6252686;3.8289;-0.225301;0.4221945;4.114092;-0.2632639;0.344855;4.000916;-0.2903298;1.327866;3.456212;-0.4655889;0.7290223;3.662138;-0.4416729;0.786334;3.607833;-0.1141346;0.7911031;3.69502;-0.121252;0.8354549;3.625778;
-0.3014437;0.8947606;3.643914;-0.2976306;1.144319;3.531983;-0.2927383;1.385288;3.409862;-0.2927336;1.486595;3.357521;-0.4403308;1.265463;3.405002;-0.4866143;1.014865;3.510342;-0.4917518;0.8106405;3.592286;-0.4756924;0.775411;3.603929;-0.135775;1.275798;3.437321;-0.08571239;1.032427;3.552897;-0.09550677;0.8290195;3.636281;-0.1218004;0.7875654;3.660089;-0.3662908;0.8851825;3.603076;-0.3497455;0.5899315;3.760822;-0.3501134;0.3214564;3.87664;-0.3449119;0.2361934;3.819157;-0.2313424;0.8889774;3.622192;-0.2141551;0.6016086;3.797036;-0.2258983;0.4129762;4.091189;-0.2657104;0.330445;3.984065;-0.2941127;1.326328;3.442295;-0.4658686;0.7339879;3.618462;-0.4454692;0.7833113;3.585476;-0.1140481;0.7403306;3.690552;-0.1435634;0.7916638;3.642357;
-0.3098254;0.8898396;3.618846;-0.3050677;1.135236;3.51085;-0.2994305;1.373358;3.392987;-0.2955487;1.482165;3.346751;-0.4441041;1.261396;3.393095;-0.4862609;1.010458;3.485312;-0.4987902;0.7960058;3.539551;-0.4844982;0.7580356;3.585728;-0.1379911;1.270555;3.422841;-0.08432093;1.031205;3.536449;-0.0612925;0.8196516;3.597292;-0.06774975;0.8420711;3.607485;-0.374113;0.8809491;3.58293;-0.351179;0.590254;3.744835;-0.3547091;0.3191317;3.873322;-0.3375334;0.2312737;3.834859;-0.2401005;0.8833421;3.591855;-0.208973;0.6023557;3.738555;-0.2734054;0.4021102;3.9394;-0.2626266;0.3196813;3.844401;-0.3010025;1.314999;3.424304;-0.4732256;0.7179971;3.606966;-0.4599857;0.7628021;3.564182;-0.07763743;0.8113544;3.629501;-0.08939626;0.8233998;3.575667;
-0.3023669;0.8857501;3.608781;-0.3000947;1.129983;3.499119;-0.2969897;1.366721;3.379553;-0.3002831;1.471847;3.319214;-0.4462224;1.255126;3.377329;-0.489784;1.007658;3.471423;-0.5007916;0.7972008;3.53792;-0.484982;0.7590964;3.565115;-0.1389661;1.263436;3.406756;-0.08360346;1.022509;3.521139;-0.06409179;0.8136552;3.590451;-0.07548753;0.8141969;3.597528;-0.3666504;0.8749061;3.573689;-0.3547153;0.5829464;3.737253;-0.3551157;0.3183673;3.871799;-0.3376717;0.2303925;3.83567;-0.232763;0.8812178;3.581164;-0.2096399;0.5968458;3.70122;-0.2739425;0.3983658;3.936368;-0.2633805;0.3158607;3.841465;-0.2979153;1.308735;3.411299;-0.4839834;0.7232673;3.578168;-0.4591354;0.7467381;3.547571;-0.07761729;0.7717742;3.627527;-0.09275813;0.8073215;3.562429;
-0.310919;0.8737082;3.581706;-0.3032716;1.120825;3.475739;-0.2957226;1.360111;3.359894;-0.3011724;1.467451;3.306216;-0.4495607;1.247051;3.361022;-0.49422;1.003309;3.459036;-0.5041958;0.7925317;3.524907;-0.4890532;0.7531551;3.546874;-0.140166;1.255475;3.388839;-0.08135319;1.018232;3.502512;-0.07522425;0.8040147;3.558977;-0.09153431;0.7797787;3.576654;-0.3763008;0.8628656;3.546463;-0.3611776;0.573346;3.720665;-0.3558026;0.3155033;3.869454;-0.3366833;0.2277218;3.836719;-0.2400719;0.8693852;3.554631;-0.2093613;0.5870596;3.675176;-0.2609838;0.349532;3.929045;-0.2510165;0.2675989;3.833795;-0.2976857;1.301524;3.390725;-0.4851122;0.7120543;3.558057;-0.4659237;0.7408384;3.528522;-0.09141117;0.7371027;3.589793;-0.1084489;0.7815023;3.54975;
-0.3119885;0.8695756;3.573203;-0.3031935;1.114401;3.463478;-0.2935086;1.351348;3.343852;-0.3017169;1.460798;3.291919;-0.4496908;1.241352;3.342142;-0.4973463;0.9894336;3.442734;-0.5059404;0.7795615;3.511159;-0.4874385;0.7411007;3.535005;-0.1406407;1.247256;3.369079;-0.07907648;1.007038;3.48509;-0.07298195;0.7994055;3.559554;-0.08770873;0.7593708;3.567264;-0.3772881;0.8591419;3.538902;-0.375679;0.5662546;3.697333;-0.3452919;0.3118063;3.868371;-0.3412628;0.2225195;3.836179;-0.2412191;0.8648105;3.545036;-0.2130457;0.5664786;3.641087;-0.2574935;0.3327526;3.899496;-0.2233128;0.2673581;3.918895;-0.2961028;1.293336;3.375602;-0.4803866;0.6997173;3.551465;-0.4607211;0.7537659;3.513;-0.0918854;0.7039123;3.606066;-0.1026646;0.737798;3.545143;
-0.3200762;0.8607385;3.556998;-0.3077899;1.104875;3.446244;-0.2946664;1.34144;3.325953;-0.3021823;1.451462;3.273432;-0.4506508;1.230999;3.327156;-0.4978549;0.984056;3.42821;-0.498015;0.7719216;3.491104;-0.4850197;0.7423574;3.519206;-0.1411538;1.239567;3.353864;-0.07527453;0.9927328;3.46824;-0.07144757;0.7863037;3.545614;-0.08671044;0.7390239;3.550904;-0.3859684;0.8504859;3.519915;-0.3835132;0.5628937;3.682599;-0.3369839;0.3055538;3.859609;-0.3412795;0.2167512;3.833795;-0.2486083;0.8559263;3.531384;-0.2167637;0.5557317;3.618953;-0.2447379;0.3035994;3.862936;-0.2498199;0.2171563;3.852355;-0.2981111;1.283505;3.357847;-0.4745417;0.6861964;3.543474;-0.4570544;0.7285506;3.510381;-0.09107768;0.6881203;3.574571;-0.1000134;0.7468626;3.5151;
-0.3230292;0.8536462;3.540714;-0.3112335;1.098594;3.430687;-0.2985376;1.33611;3.31145;-0.3006131;1.442964;3.257144;-0.4485925;1.221862;3.310032;-0.4938832;0.9773104;3.407533;-0.4985376;0.771033;3.485187;-0.4829533;0.7380269;3.50624;-0.1405832;1.230748;3.333724;-0.07440349;0.9883859;3.452126;-0.05952569;0.7802176;3.524169;-0.08542419;0.7399862;3.529731;-0.3884377;0.8455541;3.506222;-0.3827646;0.5580203;3.666089;-0.3286189;0.2885734;3.834728;-0.3191736;0.2068019;3.739695;-0.2519593;0.8464375;3.512545;-0.2287072;0.5347083;3.60478;-0.2336075;0.2848091;3.810584;-0.2249204;0.2030493;3.715495;-0.3018813;1.277927;3.343053;-0.4720311;0.6825653;3.524724;-0.4574631;0.7391028;3.485938;-0.1019365;0.6769549;3.558242;-0.09970695;0.7189206;3.50925;
-0.3225006;0.8409905;3.520237;-0.3098212;1.084354;3.406746;-0.2962037;1.320257;3.283771;-0.2995985;1.430972;3.236311;-0.4493585;1.207587;3.286463;-0.4920684;0.967494;3.387508;-0.4948547;0.7634208;3.470171;-0.4796279;0.7264987;3.491421;-0.1406486;1.220829;3.31168;-0.0697613;0.9712248;3.430092;-0.06203789;0.7650378;3.507736;-0.08388215;0.7265087;3.510212;-0.3880031;0.8314082;3.481048;-0.3744791;0.5500132;3.630885;-0.3255236;0.2779369;3.809551;-0.3152157;0.196012;3.714894;-0.2513231;0.8355923;3.496549;-0.2321418;0.5164129;3.583609;-0.2257629;0.2703246;3.746138;-0.2162381;0.1884204;3.651423;-0.2997778;1.262477;3.316328;-0.4747129;0.6758065;3.526727;-0.4430771;0.7173823;3.4856;-0.1015502;0.6711631;3.544577;-0.09973159;0.6985244;3.482167;
-0.3211605;0.8327193;3.504972;-0.3087103;1.077645;3.392523;-0.2953822;1.315063;3.270798;-0.298526;1.422781;3.220197;-0.4480652;1.198803;3.271142;-0.4906667;0.9608117;3.371134;-0.4972827;0.7563848;3.452772;-0.4806684;0.7215801;3.474624;-0.1396704;1.211388;3.294708;-0.06748353;0.9635223;3.415917;-0.05614019;0.7541115;3.485296;-0.07909296;0.7093181;3.49772;-0.3868442;0.8244184;3.466964;-0.3716859;0.5440923;3.616857;-0.3318202;0.278524;3.804444;-0.3780182;0.2137475;3.80833;-0.2497772;0.8261817;3.480492;-0.2371809;0.5047356;3.567998;-0.2094177;0.225915;3.693433;-0.2145954;0.1375459;3.665117;-0.2988799;1.256913;3.303027;-0.4838197;0.6713431;3.506072;-0.4468177;0.7265175;3.462167;-0.08935617;0.6702447;3.506324;-0.08938882;0.7216429;3.463375;
-0.3203815;0.8206819;3.484515;-0.3063853;1.065771;3.371266;-0.2915383;1.303421;3.248738;-0.2927278;1.405704;3.194953;-0.4464652;1.187273;3.250548;-0.4905434;0.9526379;3.350882;-0.4992689;0.7476271;3.431021;-0.4804492;0.71676;3.452567;-0.1386469;1.194;3.270114;-0.06412853;0.9461833;3.395082;-0.05824067;0.7411291;3.475345;-0.07823698;0.6884438;3.481424;-0.3864943;0.8151295;3.448434;-0.371144;0.5401112;3.60196;-0.3266956;0.2722873;3.749983;-0.3453839;0.2178711;3.795541;-0.2484699;0.8112015;3.457935;-0.2468383;0.487678;3.555193;-0.2010746;0.1906084;3.634858;-0.1965332;0.09796143;3.574219;-0.295411;1.245204;3.281164;-0.4767618;0.6592689;3.482278;-0.4536124;0.7073563;3.431813;-0.0942169;0.6518368;3.509252;-0.08848954;0.670869;3.447;
-0.3220618;0.8105257;3.471061;-0.3060709;1.054574;3.354105;-0.288878;1.291064;3.227228;-0.2897052;1.398162;3.178321;-0.4425017;1.176008;3.228865;-0.4862283;0.9387693;3.331417;-0.500071;0.734197;3.411765;-0.4809139;0.7030925;3.435608;-0.1356986;1.181676;3.25265;-0.063253;0.9309214;3.380059;-0.05831057;0.7230936;3.453876;-0.07659582;0.6726856;3.46595;-0.3877464;0.8061877;3.43462;-0.3737958;0.5302342;3.596219;-0.3344734;0.274808;3.754148;-0.3531382;0.2277599;3.794041;-0.2505503;0.8001749;3.445;-0.2493439;0.4738027;3.536412;-0.1992585;0.1657614;3.572367;-0.19104;0.07250977;3.484375;-0.2933716;1.233148;3.260804;-0.4796651;0.64802;3.475816;-0.4499801;0.6868078;3.421846;-0.09347732;0.6341045;3.48126;-0.08592142;0.6797135;3.4332;
-0.3147795;0.7921842;3.449494;-0.3017768;1.039905;3.333596;-0.2875061;1.279853;3.208362;-0.2858766;1.383569;3.155177;-0.4365636;1.164208;3.207001;-0.4840742;0.9211702;3.314613;-0.4973269;0.7173311;3.39659;-0.4900479;0.7214536;3.400664;-0.130886;1.168184;3.232536;-0.06288018;0.9204321;3.362489;-0.05556533;0.7145644;3.440727;-0.07343775;0.6642104;3.450696;-0.3802411;0.785954;3.412173;-0.3766581;0.530684;3.580662;-0.3488984;0.2497189;3.784175;-0.3391999;0.1679714;3.689529;-0.243597;0.7839276;3.424222;-0.2507809;0.4725697;3.520395;-0.2134558;0.1319164;3.507918;-0.1879889;0.06819083;3.42125;-0.291281;1.221101;3.241482;-0.4905441;0.6596603;3.43684;-0.4578325;0.7333947;3.38635;-0.0835476;0.6242776;3.461598;-0.08583324;0.6696388;3.420572;
-0.3089435;0.7803596;3.431567;-0.2946127;1.025828;3.313628;-0.2793536;1.263726;3.186481;-0.2807429;1.367078;3.124871;-0.4323754;1.153234;3.188204;-0.4809705;0.9103335;3.297457;-0.4955083;0.7062533;3.378665;-0.488064;0.7100828;3.38283;-0.1267883;1.152873;3.212539;-0.05982822;0.9105486;3.340698;-0.0456644;0.7061437;3.421406;-0.06735329;0.65558;3.429965;-0.3749829;0.7740831;3.396743;-0.3770829;0.5306191;3.565272;-0.3517863;0.2547663;3.784691;-0.3429041;0.1727691;3.690181;-0.2372167;0.7723953;3.403537;-0.2472096;0.46564;3.50129;-0.1974548;0.1827966;3.484468;-0.1862551;0.07826058;3.397367;-0.2833286;1.205452;3.220049;-0.4901351;0.6432412;3.417472;-0.4547146;0.7250154;3.371118;-0.0830621;0.6145292;3.441936;-0.07547236;0.666911;3.393077;
-0.3120248;0.7690909;3.418397;-0.2932137;1.011588;3.295832;-0.2722177;1.245679;3.162475;-0.2757237;1.355334;3.109405;-0.427873;1.135121;3.164108;-0.4751892;0.8924826;3.273093;-0.4956146;0.6901364;3.35687;-0.4770601;0.6496854;3.3886;-0.1199581;1.137346;3.190618;-0.05740064;0.9019045;3.314804;-0.0426323;0.6984532;3.397604;-0.06520909;0.6425596;3.412308;-0.3773687;0.7622789;3.38108;-0.3763687;0.5318698;3.544893;-0.3510491;0.2641472;3.773577;-0.3413888;0.1815785;3.679725;-0.2408492;0.7617968;3.392745;-0.2449342;0.4493958;3.476595;-0.2042524;0.1458593;3.443463;-0.1839231;0.04633889;3.350389;-0.2777688;1.188437;3.197757;-0.4796534;0.6178585;3.408205;-0.450542;0.6511997;3.360188;-0.05945231;0.6043484;3.428108;-0.07724877;0.6391731;3.381895;
-0.3090207;0.7556714;3.395834;-0.2884944;0.9958545;3.269789;-0.2670968;1.229113;3.135265;-0.2669111;1.338234;3.078419;-0.4203023;1.117064;3.135853;-0.4713252;0.8798516;3.24949;-0.4943647;0.677791;3.333282;-0.4751655;0.6360037;3.366086;-0.1149903;1.12535;3.166097;-0.05337751;0.8927808;3.2893;-0.03649437;0.6921394;3.377643;-0.0624924;0.6354014;3.389561;-0.3734218;0.749326;3.358333;-0.3737774;0.5250224;3.530668;-0.3522978;0.2665499;3.769439;-0.3408244;0.1837457;3.676046;-0.2388933;0.7481511;3.370697;-0.2350559;0.4328721;3.442384;-0.2036154;0.138878;3.439568;-0.1846723;0.04090469;3.343756;-0.2725923;1.171932;3.170598;-0.4764145;0.6031888;3.384925;-0.4509707;0.6172942;3.3466;-0.06829375;0.5816975;3.404118;-0.07801967;0.6414199;3.35975;
-0.3073209;0.7427397;3.375584;-0.2839872;0.983162;3.250415;-0.2597486;1.215835;3.1154;-0.2618248;1.321063;3.056003;-0.4135249;1.107175;3.115899;-0.4667346;0.8678055;3.230536;-0.4878786;0.6633183;3.309505;-0.4696842;0.6213459;3.348243;-0.1078042;1.107738;3.143055;-0.04095281;0.8709828;3.275165;-0.04126295;0.6651298;3.353801;-0.05695134;0.6150306;3.376749;-0.3711281;0.7369649;3.338629;-0.3729909;0.5208465;3.521272;-0.3509743;0.2644471;3.762081;-0.3777939;0.2179278;3.799364;-0.2378109;0.7346856;3.349755;-0.2124275;0.390748;3.408726;-0.2008008;0.1131277;3.429412;-0.1822109;0.01955931;3.337425;-0.2659816;1.158896;3.151008;-0.4693957;0.588362;3.367338;-0.4391026;0.5890923;3.34525;-0.06336922;0.572093;3.388123;-0.06746515;0.629113;3.338556;
-0.3108569;0.7268525;3.34626;-0.28368;0.9688402;3.224106;-0.2562889;1.203272;3.092358;-0.2526147;1.306599;3.031669;-0.4062541;1.092058;3.090335;-0.4624641;0.8517962;3.20972;-0.4771134;0.6455078;3.285928;-0.4703072;0.632429;3.310647;-0.0995918;1.094896;3.118677;-0.03127659;0.8484658;3.254363;-0.05465667;0.6473642;3.340176;-0.0552526;0.5950956;3.358201;-0.3744296;0.7235753;3.310897;-0.3498202;0.4365139;3.536305;-0.3502677;0.2376957;3.782952;-0.3974953;0.1890448;3.805095;-0.2414583;0.7163493;3.318822;-0.2094654;0.3941065;3.396984;-0.1998893;0.1035743;3.424132;-0.1840697;0.007502764;3.325225;-0.2632308;1.145873;3.127123;-0.4669455;0.5728236;3.338678;-0.4376717;0.631994;3.301546;-0.06764945;0.5579042;3.371629;-0.06792627;0.5953783;3.329687;
-0.292922;0.7140191;3.322385;-0.2703029;0.957159;3.195462;-0.2470775;1.192533;3.057959;-0.2419177;1.293468;2.99984;-0.3986814;1.074422;3.064187;-0.4566769;0.8198757;3.175814;-0.4754992;0.6287865;3.280516;-0.4622999;0.5849193;3.310598;-0.08746108;1.082312;3.087258;-0.02184098;0.8353423;3.224267;-0.03273951;0.6285824;3.300001;-0.04850163;0.5943932;3.325802;-0.3550354;0.7068619;3.282729;-0.3565448;0.4823115;3.463154;-0.3504605;0.2650607;3.738279;-0.3411623;0.1821277;3.644743;-0.2252198;0.7071729;3.298824;-0.2073849;0.3729841;3.371674;-0.1967439;0.07758223;3.407063;-0.1837101;-0.01793681;3.307189;-0.2529838;1.134908;3.094254;-0.4596902;0.5493597;3.329526;-0.4381682;0.5857154;3.283182;-0.05801534;0.54598;3.345135;-0.06442977;0.5963865;3.296539;
-0.2821676;0.7051414;3.293555;-0.2611463;0.9493296;3.169825;-0.2396763;1.186067;3.036922;-0.2343509;1.284868;2.974479;-0.3885854;1.066844;3.038862;-0.4497294;0.8125284;3.155214;-0.4775918;0.6164755;3.249308;-0.4646264;0.5711511;3.279793;-0.08046073;1.072754;3.057893;-0.01333191;0.8238928;3.202989;-0.04027599;0.6162452;3.272888;-0.04519347;0.5720899;3.303617;-0.3463385;0.6988201;3.256316;-0.3595428;0.4851358;3.435311;-0.3521063;0.2725357;3.713848;-0.3440459;0.1898383;3.6198;-0.2126015;0.6979945;3.268139;-0.2065752;0.3704062;3.356454;-0.1960274;0.07697757;3.405409;-0.1844138;-0.01964767;3.306877;-0.2451528;1.128089;3.071963;-0.4641081;0.5359054;3.296777;-0.4313613;0.5688237;3.264471;-0.06221715;0.5308452;3.325975;-0.060591;0.5774885;3.272786;
-0.2709248;0.6945142;3.262451;-0.2526093;0.9374232;3.137826;-0.2336685;1.172607;3.003453;-0.2268212;1.275735;2.951381;-0.3810116;1.057287;3.011052;-0.4379196;0.8112253;3.116498;-0.4742284;0.6213751;3.218875;-0.4781798;0.5686187;3.246253;-0.07179741;1.066535;3.031632;-0.003064048;0.8127851;3.165548;0.004475255;0.6096544;3.249715;-0.03781653;0.5730277;3.280991;-0.3340128;0.6873491;3.225472;-0.3511361;0.4183486;3.449585;-0.3531609;0.2326194;3.745473;-0.3858128;0.1727509;3.768258;-0.202546;0.6882303;3.236425;-0.2013465;0.3663203;3.337722;-0.1929331;0.07449894;3.400078;-0.1845997;-0.02492737;3.305346;-0.23852;1.115034;3.038867;-0.4700975;0.5221924;3.276195;-0.4505748;0.5384823;3.232;-0.04529966;0.5387536;3.300803;-0.05257317;0.578579;3.245769;
-0.2126954;0.6742007;3.199014;-0.2126151;0.9208359;3.075699;-0.2117434;1.159748;2.943059;-0.2067538;1.258797;2.887621;-0.3653364;1.041977;2.948468;-0.4226296;0.8003826;3.053585;-0.4687795;0.6043858;3.141064;-0.4774252;0.5560236;3.171864;-0.04966402;1.049915;2.966333;0.003918126;0.8028267;3.090981;-0.007945242;0.6040946;3.183631;-0.02157708;0.5949447;3.195899;-0.2763974;0.6670923;3.163735;-0.3233244;0.3796837;3.359805;-0.35291;0.2231533;3.669683;-0.3450311;0.1410234;3.575367;-0.144806;0.6680371;3.171319;-0.1937293;0.3527857;3.305222;-0.1916499;0.06995251;3.394194;-0.1842234;-0.03103253;3.301934;-0.2121061;1.101255;2.978012;-0.4813502;0.507664;3.20352;-0.458871;0.547378;3.148842;-0.03637101;0.5333362;3.220723;-0.03996515;0.6007671;3.160231;
-0.2122049;0.666967;3.175631;-0.209285;0.914519;3.057178;-0.206101;1.154115;2.928408;-0.2033266;1.254762;2.87283;-0.3589692;1.039829;2.934227;-0.421414;0.7941034;3.039449;-0.4689831;0.5989569;3.127884;-0.48016;0.5443509;3.145594;-0.04398815;1.046089;2.952054;0.008381551;0.7952799;3.074151;0.01433003;0.584698;3.140974;-0.0281524;0.5503272;3.181076;-0.2762825;0.660712;3.141834;-0.2801202;0.3473346;3.336865;-0.3517957;0.2204586;3.652665;-0.369404;0.1475642;3.666969;-0.1438901;0.6599484;3.146385;-0.1927273;0.3516829;3.300165;-0.19002;0.06567906;3.389403;-0.1839859;-0.03257152;3.301478;-0.2070051;1.095474;2.962483;-0.4807971;0.4968043;3.171188;-0.4554602;0.5402915;3.122;-0.03817841;0.5170712;3.203391;-0.04133788;0.5487614;3.151471;
-0.2098383;0.6576969;3.153959;-0.2037392;0.9052417;3.035262;-0.1970796;1.145004;2.907089;-0.1957138;1.248279;2.851453;-0.353921;1.03353;2.918195;-0.4183332;0.7866959;3.023339;-0.4715326;0.585478;3.095559;-0.4818882;0.5349881;3.119159;-0.03398237;1.036907;2.930049;0.01250921;0.7825289;3.042997;0.02106309;0.5799892;3.12844;-0.02035654;0.5453358;3.156748;-0.273295;0.6515111;3.116694;-0.3209669;0.3709171;3.266048;-0.3458305;0.2068661;3.57269;-0.3401468;0.1250978;3.477894;-0.142119;0.6507992;3.127925;-0.1898482;0.3480865;3.292382;-0.1891309;0.0644815;3.388578;-0.183842;-0.0334811;3.301938;-0.1988646;1.086308;2.940945;-0.4855376;0.4900313;3.146186;-0.4579061;0.5313948;3.097539;-0.03351015;0.5082096;3.175144;-0.0334462;0.5514628;3.123;
-0.2011991;0.6454431;3.126806;-0.1960299;0.8952861;3.011369;-0.1902122;1.137094;2.886383;-0.1876312;1.240785;2.82961;-0.3479199;1.021228;2.891907;-0.4168191;0.7752811;2.997733;-0.4709156;0.5748908;3.071306;-0.4798915;0.5221133;3.091539;-0.02690204;1.027675;2.909305;0.0246205;0.7731714;3.013815;0.009321218;0.5680221;3.092797;-0.01515485;0.5432262;3.115292;-0.265541;0.6403956;3.090021;-0.313693;0.3685434;3.217773;-0.3392278;0.1903285;3.516845;-0.331714;0.1089134;3.421816;-0.1328136;0.6375279;3.100629;-0.1809777;0.3451509;3.276537;-0.1876603;0.07500815;3.388687;-0.1945983;-0.008563153;3.332778;-0.1917881;1.077907;2.919442;-0.4837144;0.4755145;3.107022;-0.451828;0.532629;3.0631;-0.02901707;0.4920488;3.154152;-0.03603391;0.5665538;3.0952;
-0.1995731;0.6371244;3.107909;-0.1931859;0.8845654;2.98938;-0.1860145;1.123899;2.861336;-0.182674;1.232833;2.807527;-0.3415684;1.013291;2.870278;-0.4136882;0.7640887;2.981101;-0.4703959;0.5624482;3.049798;-0.4792416;0.512033;3.065296;-0.02195745;1.016817;2.887638;0.02554066;0.7627003;2.993315;0.01022841;0.558144;3.0736;-0.01115468;0.5277907;3.093019;-0.2637043;0.6333785;3.07008;-0.3053154;0.3575715;3.186784;-0.3354816;0.1685903;3.479112;-0.3282619;0.08710288;3.384356;-0.1313806;0.6279116;3.082525;-0.1805474;0.3303228;3.264099;-0.1861924;0.07181053;3.387103;-0.1874127;-0.01141491;3.328859;-0.1879398;1.065335;2.895154;-0.4831451;0.4725295;3.076719;-0.4538487;0.515338;3.03825;-0.02877474;0.4792934;3.126657;-0.03888778;0.5046282;3.0875;
-0.1934406;0.628091;3.086121;-0.1875663;0.87638;2.968781;-0.1810418;1.116723;2.842156;-0.1769184;1.226365;2.787504;-0.3353622;1.005114;2.848798;-0.4090711;0.7546113;2.959723;-0.4685853;0.55296;3.026255;-0.4740924;0.5015264;3.04428;-0.018032;1.009275;2.869486;0.02945255;0.7502933;2.970868;0.03828545;0.535021;3.023312;-0.003115555;0.5068886;3.067476;-0.2571009;0.624717;3.047285;-0.2925755;0.3487145;3.14588;-0.3184868;0.1358522;3.422765;-0.3103321;0.0547505;3.327923;-0.125827;0.618663;3.061862;-0.1711936;0.316696;3.254635;-0.1840483;0.06784767;3.383765;-0.1877605;-0.01594556;3.32787;-0.1827946;1.057897;2.875603;-0.4762768;0.4557528;3.05903;-0.4525224;0.4923515;3.021;-0.003225501;0.4765683;3.095157;-0.01851564;0.508077;3.035429;
-0.1844059;0.6215803;3.069857;-0.1796564;0.8683311;2.94951;-0.1744136;1.106929;2.819334;-0.1711737;1.21595;2.766999;-0.3309879;0.9973444;2.827746;-0.4037539;0.7467073;2.936198;-0.4650114;0.548748;3.010382;-0.4684713;0.4966155;3.022663;-0.01381525;0.9984001;2.846537;0.033892;0.7421739;2.94849;0.03572099;0.5311521;3.014306;-0.0008039414;0.4925928;3.045734;-0.2481942;0.6175847;3.02916;-0.2838838;0.314708;3.136921;-0.3136045;0.07390905;3.39084;-0.3039171;-0.01147127;3.377728;-0.1168443;0.6127656;3.0473;-0.1615255;0.3030796;3.242446;-0.1879818;0.05322631;3.37654;-0.1845311;-0.03157668;3.324156;-0.1758245;1.048559;2.853717;-0.4705332;0.4500786;3.048535;-0.4398623;0.5029668;3.003;-0.01571067;0.4557644;3.063333;-0.01287332;0.5053797;3.005188;
-0.1780548;0.6100979;3.044532;-0.1743832;0.8576544;2.927333;-0.1701122;1.097336;2.800664;-0.1663787;1.206074;2.744562;-0.327972;0.9867851;2.805543;-0.4002284;0.7369169;2.919082;-0.4576703;0.5348039;2.986026;-0.4615582;0.4839819;3.005826;-0.01088966;0.9885718;2.82793;0.03630248;0.7360091;2.925519;0.03314069;0.5243778;2.989651;0.001831175;0.485473;3.02089;-0.2427233;0.6061289;3.003894;-0.2769385;0.2826058;3.122411;-0.2996794;0.02490653;3.347734;-0.3348274;-0.05329874;3.321977;-0.1097135;0.6014339;3.022048;-0.1538362;0.2854804;3.208982;-0.191679;0.04397766;3.367805;-0.1772049;-0.04058988;3.318865;-0.1712925;1.038671;2.834143;-0.4682417;0.4396555;3.03354;-0.4396875;0.4799699;2.98825;-0.003151824;0.4490765;3.036835;-0.01435733;0.487647;2.985883;
-0.1736884;0.5992892;3.024614;-0.1700592;0.8457827;2.905933;-0.1658439;1.084329;2.777816;-0.1610214;1.193439;2.720048;-0.3244585;0.9724456;2.785073;-0.3963978;0.7269645;2.901427;-0.4573081;0.5282796;2.97414;-0.4577293;0.4752426;2.993484;-0.007173967;0.977668;2.807921;0.03968972;0.7274996;2.90806;0.03287473;0.5157316;2.971556;0.0008205576;0.4732322;3.000998;-0.2389908;0.5948139;2.985703;-0.278813;0.2666118;3.104255;-0.3130476;0.01416571;3.279359;-0.296971;-0.07173051;3.253033;-0.1047142;0.5912568;3.000174;-0.1500229;0.2829641;3.196864;-0.1957327;0.04099236;3.351618;-0.1749731;-0.04397725;3.326398;-0.1670082;1.02595;2.811643;-0.459313;0.4364801;3.002208;-0.43725;0.4871994;2.9584;-0.003126191;0.4393531;3.019423;-0.02427061;0.4558177;2.9896;
-0.170357;0.5868126;3.00498;-0.1690755;0.8344802;2.885036;-0.167195;1.074076;2.755405;-0.1571526;1.180843;2.695874;-0.3215953;0.9586676;2.761558;-0.3932302;0.7115718;2.87556;-0.4514137;0.5132047;2.95103;-0.4501995;0.4627478;2.977096;-0.001558825;0.9587766;2.78348;0.04213804;0.7173332;2.88329;0.03809861;0.5077633;2.953005;0.004945575;0.4634268;2.982031;-0.235387;0.5827112;2.967917;-0.2749195;0.2446622;3.080585;-0.3054728;-0.02607244;3.207094;-0.3073085;-0.1117231;3.163609;-0.1017691;0.5786121;2.97873;-0.1411864;0.275988;3.183378;-0.2001076;0.02921162;3.32937;-0.1685808;-0.04369475;3.335353;-0.1677754;1.015448;2.789639;-0.4630324;0.4211956;2.999547;-0.4255233;0.4593106;2.96175;0.005031731;0.4285231;2.998511;-0.0170444;0.4650125;2.954118;
-0.1676958;0.5711212;2.979701;-0.1677872;0.8197954;2.859878;-0.1671789;1.060501;2.730712;-0.1549015;1.167508;2.672517;-0.3164921;0.9429118;2.737318;-0.3890103;0.700884;2.851723;-0.4463612;0.5070717;2.93742;-0.4455715;0.4550068;2.962375;0.0005115808;0.945389;2.760117;0.04342303;0.7080387;2.865004;0.03311498;0.4992375;2.936207;0.01021432;0.4709931;2.956267;-0.2322963;0.5646878;2.939271;-0.266903;0.2337295;3.058027;-0.3015978;-0.06300756;3.132869;-0.295166;-0.1607666;3.056641;-0.09951416;0.5652792;2.95665;-0.1294049;0.2671317;3.16783;-0.1959572;0.02525428;3.329005;-0.174472;-0.05543793;3.32392;-0.1674565;1.001589;2.764794;-0.457795;0.4092881;2.991556;-0.4207855;0.4459596;2.949437;0.007417805;0.4138094;2.984285;-0.01262713;0.4738624;2.932;
-0.1651904;0.5568585;2.961306;-0.1647731;0.8059813;2.839211;-0.1636278;1.047067;2.707448;-0.153189;1.155122;2.652776;-0.3146389;0.9302642;2.713036;-0.385102;0.6900843;2.823345;-0.4302528;0.4977577;2.91824;-0.4360957;0.443652;2.943897;0.002182598;0.931664;2.736607;0.04592415;0.6946017;2.84393;0.03069352;0.4892925;2.922744;0.003369893;0.4422998;2.951099;-0.2299394;0.5517178;2.922406;-0.2643637;0.2105558;3.031093;-0.2841536;-0.07843824;3.064518;-0.2803092;-0.1797098;2.974876;-0.09692237;0.5501054;2.936894;-0.1235216;0.2550591;3.151822;-0.1908149;0.009650953;3.328595;-0.1745295;-0.07480258;3.312162;-0.1640417;0.9880669;2.742211;-0.4387827;0.39261;2.972323;-0.408458;0.4404717;2.929;0.0009249005;0.3960133;2.978194;-0.02605097;0.4383318;2.93775;
-0.1643838;0.5412997;2.93468;-0.1624155;0.7896919;2.811034;-0.1597185;1.030077;2.677936;-0.1527105;1.137313;2.623392;-0.3129412;0.9177788;2.68986;-0.382988;0.6794043;2.801455;-0.424021;0.4860356;2.896245;-0.4311454;0.4479592;2.915249;0.00209788;0.9179682;2.713265;0.04494738;0.683683;2.82108;0.03220806;0.4789249;2.901543;0.006000103;0.4318082;2.936079;-0.2299481;0.5364544;2.896011;-0.256601;0.2070542;3.013165;-0.2694108;-0.08215551;3.00398;-0.2780762;-0.1848145;2.921875;-0.09526516;0.5344406;2.909951;-0.1177396;0.2444424;3.130708;-0.1865186;0.01177492;3.324291;-0.179068;-0.07183819;3.316249;-0.1605174;0.9712502;2.713009;-0.4324044;0.3820573;2.95598;-0.4082976;0.4394584;2.895539;-0.01790825;0.3771425;2.967371;-0.01418354;0.4309014;2.909286;
-0.1652665;0.5286251;2.916788;-0.1621909;0.7778974;2.792178;-0.1584312;1.019069;2.657964;-0.1519651;1.128421;2.608232;-0.3121141;0.9022075;2.665388;-0.38198;0.6626279;2.780176;-0.4251938;0.4665921;2.868999;-0.4289681;0.4194565;2.90494;0.001524917;0.9055331;2.690264;0.05140513;0.6560909;2.800329;0.03683399;0.4557729;2.889617;0.008185294;0.4148999;2.928801;-0.2302085;0.5244129;2.877721;-0.2508481;0.1974278;2.982615;-0.2578582;-0.1078316;2.957103;-0.2507324;-0.1875;2.863281;-0.09673372;0.5213329;2.892429;-0.1146775;0.233511;3.115743;-0.1840666;0.009128941;3.322049;-0.1776123;-0.05828857;3.212891;-0.1594926;0.9600555;2.693332;-0.4236602;0.3637961;2.950592;-0.4029299;0.407059;2.8889;0.0009264321;0.3688577;2.954707;-0.02021359;0.3977171;2.912;
-0.1595307;0.4977055;2.862993;-0.1606839;0.7458043;2.735086;-0.1611089;0.9858124;2.597648;-0.1518909;1.094855;2.543183;-0.3176818;0.8643728;2.605041;-0.3826824;0.6285868;2.725687;-0.4261793;0.4323692;2.813905;-0.4229422;0.3880431;2.856738;0.001646443;0.8707967;2.628783;0.06456381;0.6281083;2.745505;0.04457635;0.4290074;2.8362;0.02307385;0.3944493;2.885123;-0.2240602;0.4935641;2.823172;-0.2400209;0.1673211;2.903039;-0.227556;-0.1293268;2.900475;-0.2364177;-0.2293231;2.810715;-0.0914686;0.49081;2.839324;-0.1056896;0.2285816;3.063266;-0.1809404;-0.01126089;3.308494;-0.1927241;-0.06277645;3.172317;-0.1611329;0.9270913;2.633813;-0.4259976;0.3390122;2.876259;-0.4015712;0.3849802;2.833222;0.02066594;0.3471813;2.907465;-0.004095224;0.3944924;2.8615;
-0.1589853;0.489908;2.846535;-0.1607319;0.736798;2.718222;-0.1617634;0.9755183;2.580307;-0.1535283;1.083981;2.523578;-0.3190397;0.8575343;2.592505;-0.386277;0.6102878;2.710936;-0.4259417;0.4161098;2.804506;-0.425454;0.3666598;2.834788;0.0003711971;0.8607416;2.60945;0.06517364;0.6201693;2.730864;0.04759197;0.424453;2.828221;0.02821845;0.3767895;2.860999;-0.2241115;0.4871284;2.808221;-0.2374003;0.1674093;2.885684;-0.2240109;-0.1342233;2.897634;-0.2293775;-0.2298598;2.806618;-0.09024811;0.4816389;2.821232;-0.1050087;0.2295678;3.055549;-0.1801062;-0.01076781;3.300382;-0.1901194;-0.06075079;3.163248;-0.1616353;0.9171267;2.616598;-0.4147006;0.3139276;2.860609;-0.4012254;0.3501991;2.823455;0.01270218;0.3260791;2.895225;0.006134808;0.3879238;2.827625;
-0.1544964;0.4721869;2.819569;-0.1608805;0.7180243;2.687317;-0.1669945;0.955452;2.544712;-0.1592113;1.061779;2.487772;-0.3224578;0.8299749;2.553166;-0.3877435;0.6001368;2.67453;-0.4263188;0.4041606;2.765197;-0.4253466;0.351927;2.795659;-0.0009082755;0.8376911;2.57312;0.06916511;0.5981331;2.699064;0.06199493;0.3987789;2.790833;0.05403314;0.4068726;2.798404;-0.2198681;0.4687522;2.781756;-0.2354184;0.1407918;2.858259;-0.214962;-0.1622949;2.892296;-0.2148367;-0.2517084;2.793132;-0.0856448;0.4650041;2.793875;-0.1029551;0.2268679;3.05331;-0.1778027;-0.01411525;3.29761;-0.1882018;-0.07048418;3.163801;-0.1655505;0.8974031;2.582245;-0.4177947;0.2994793;2.816108;-0.3994436;0.3370644;2.782;0.04343558;0.3383762;2.844549;0.02386858;0.420008;2.77679;
-0.1535698;0.4469597;2.766933;-0.1636395;0.6935959;2.644511;-0.1717402;0.9360624;2.51784;-0.1612765;1.050066;2.467723;-0.3247169;0.8216454;2.535569;-0.3881214;0.5830078;2.653209;-0.4313489;0.3865859;2.740963;-0.4288039;0.3330348;2.769168;-0.003193121;0.823466;2.549109;0.06861103;0.5826557;2.670416;0.06911233;0.3932167;2.77936;0.06119704;0.3986671;2.768669;-0.2203566;0.441602;2.730417;-0.2340616;0.09869787;2.833156;-0.2098136;-0.1871051;2.877685;-0.2025429;-0.2829259;2.781394;-0.08325251;0.4420385;2.739817;-0.1009626;0.2246095;3.021271;-0.1756957;-0.0171652;3.264895;-0.1824903;-0.07769215;3.133141;-0.1699664;0.8767613;2.551669;-0.4161002;0.276054;2.791616;-0.4049376;0.3165435;2.757533;0.05264782;0.3382282;2.810329;0.02550466;0.4267569;2.7509;
-0.1571597;0.198825;2.267003;-0.1486625;0.4558114;2.149693;-0.1394575;0.703547;2.022009;-0.1344623;0.8181149;1.968397;-0.2914985;0.5834965;2.030248;-0.349631;0.334268;2.127025;-0.3724796;0.1064303;2.203299;-0.3696855;0.1162102;2.211375;0.029879;0.595457;2.052129;0.1083119;0.3507598;2.197698;0.09714875;0.1411493;2.312791;0.09852661;0.1392233;2.322414;-0.2281533;0.1932174;2.229674;-0.09219242;-0.159394;2.345405;-0.1115212;-0.4765165;2.379119;-0.09777832;-0.5454102;2.273438;-0.08162285;0.1986857;2.238805;-0.1115917;-0.146841;2.341498;-0.1058372;-0.4604627;2.371346;-0.09472656;-0.5400391;2.296875;-0.1418874;0.6430461;2.05581;-0.3621257;0.02855103;2.254059;-0.3408505;0.09577817;2.2005;0.08288121;0.06083775;2.374177;0.03167776;0.1791059;2.2765;
-0.1534199;0.1879075;2.245193;-0.1439904;0.4455037;2.128455;-0.1339057;0.6937698;2.001255;-0.1283867;0.8081014;1.946395;-0.2869744;0.5734642;2.011702;-0.345817;0.3268769;2.114046;-0.3704935;0.102687;2.189803;-0.3641611;0.1056019;2.193021;0.03478584;0.5861045;2.031604;0.1068785;0.3525783;2.167094;0.1040323;0.1435903;2.277272;0.1007737;0.09162038;2.315903;-0.2245142;0.1822815;2.208364;-0.2507797;-0.04712993;2.403906;-0.1259736;-0.4310082;2.380546;-0.1022487;-0.5247155;2.287218;-0.07784186;0.188047;2.216436;-0.1075387;-0.1524608;2.330625;-0.1062286;-0.4609256;2.370872;-0.09577717;-0.5449419;2.286602;-0.1365479;0.633146;2.034942;-0.3518585;0.01306247;2.239704;-0.3285536;0.06989403;2.189667;0.0856941;0.04195931;2.341373;0.07552965;0.09924211;2.281263;
-0.1483697;0.1411266;2.174586;-0.132599;0.407693;2.057078;-0.1163527;0.6645145;1.928848;-0.1109892;0.7809729;1.876597;-0.273393;0.5472863;1.938014;-0.3355349;0.3000718;2.039496;-0.3640671;0.08087122;2.125363;-0.3516234;0.03579107;2.173793;0.05299335;0.5567584;1.958909;0.1141682;0.3168446;2.100397;0.117418;0.1046402;2.204379;0.1042798;0.05985057;2.24543;-0.2195765;0.1368294;2.138806;-0.16383;-0.1599737;2.300835;-0.1093334;-0.4796485;2.376382;-0.09707531;-0.5537769;2.277591;-0.07263229;0.1411202;2.144051;-0.09083991;-0.171227;2.263781;-0.106447;-0.4718013;2.365645;-0.09892822;-0.5537944;2.282402;-0.1205055;0.6018147;1.962815;-0.33392;-0.004992608;2.199029;-0.3210997;0.05228163;2.144714;0.09034648;0.008736191;2.271158;0.08264086;0.07027481;2.2062;
-0.1425032;0.1282232;2.146425;-0.1285851;0.3987564;2.035033;-0.1138583;0.6587122;1.912021;-0.1062419;0.7717665;1.853692;-0.2706314;0.5390564;1.91717;-0.3311622;0.2936368;2.012522;-0.3623632;0.07920914;2.105387;-0.3481971;0.02844997;2.150936;0.05640009;0.5483423;1.939094;0.1206575;0.3095036;2.074245;0.1180751;0.09479741;2.171579;0.1056772;0.04588938;2.206881;-0.2139589;0.1239205;2.109066;-0.1756954;-0.1606919;2.281183;-0.1150312;-0.4824659;2.363472;-0.09675005;-0.5529149;2.286658;-0.06662329;0.1285395;2.11701;-0.09287079;-0.1741524;2.254234;-0.109749;-0.4623671;2.358664;-0.1008017;-0.5544995;2.283397;-0.1176621;0.5953099;1.944769;-0.3284178;-0.01461877;2.168731;-0.3171627;0.03829388;2.123818;0.08984366;0.00351611;2.220729;0.07824396;0.04506835;2.1755;
-0.1111944;0.07769038;1.999232;-0.1054317;0.349934;1.883905;-0.09902637;0.6116371;1.757451;-0.08769798;0.7265342;1.704899;-0.2529404;0.4960992;1.763685;-0.3105527;0.2531625;1.850397;-0.34889;0.0303144;1.918689;-0.3408973;-0.01540954;1.96005;0.07360193;0.5055587;1.787511;0.1302734;0.2486247;1.901569;0.1195848;0.02994061;1.988154;0.1026914;-0.01687627;2.018775;-0.1835809;0.07422085;1.960114;-0.2268249;-0.2017744;2.105732;-0.2838372;-0.4565646;2.383539;-0.2883174;-0.538119;2.341093;-0.03507723;0.07854991;1.97119;-0.08682895;-0.2268515;2.15864;-0.1004593;-0.4974755;2.346381;-0.1013947;-0.5706342;2.276022;-0.1007388;0.5478355;1.790996;-0.3247387;-0.06039854;1.981398;-0.3058183;-0.01550728;1.943044;0.08657553;-0.05702473;2.038077;0.08337121;-0.0039862;1.973704;
-0.1124412;0.07427244;1.984734;-0.1051115;0.3467091;1.870634;-0.09729454;0.6084855;1.745156;-0.08711757;0.7219074;1.689975;-0.2527404;0.4906286;1.749956;-0.3097041;0.2474084;1.832459;-0.3467155;0.02289065;1.894581;-0.3412162;-0.02711827;1.923064;0.07382732;0.5021669;1.773332;0.129872;0.2437669;1.886011;0.1185763;0.02063939;1.960346;0.09772752;-0.02760478;1.983518;-0.1848818;0.07028022;1.944886;-0.2267778;-0.2189776;2.096069;-0.2733102;-0.4748271;2.313235;-0.2970722;-0.5531797;2.27207;-0.03619429;0.07571952;1.957214;-0.08184326;-0.2284339;2.152461;-0.1008427;-0.5013844;2.343436;-0.1104018;-0.5782614;2.280983;-0.09934614;0.544681;1.778481;-0.3206753;-0.07475766;1.946265;-0.3065071;-0.01090931;1.899131;0.07940808;-0.06743294;2.005198;0.07664566;-0.02240875;1.946;
-0.1157298;0.06805424;1.958198;-0.1058032;0.3389077;1.843397;-0.09526014;0.5989589;1.717154;-0.08629093;0.711624;1.662186;-0.2524929;0.4799186;1.722335;-0.3103315;0.2299532;1.805519;-0.3460794;0.004676627;1.86507;-0.3403673;-0.04094319;1.892741;0.07407752;0.4932171;1.748119;0.1287026;0.2352345;1.857366;0.105942;0.01379205;1.933231;0.08961329;-0.03797828;1.953517;-0.1881742;0.06386318;1.917757;-0.2159067;-0.2409695;2.067326;-0.2847756;-0.5195296;2.258394;-0.2906059;-0.5904558;2.182137;-0.03930739;0.06989456;1.93122;-0.07473616;-0.2330231;2.139858;-0.1096274;-0.5026301;2.336662;-0.1053682;-0.5832448;2.281617;-0.09800222;0.5356061;1.750675;-0.3236372;-0.08280741;1.915379;-0.3081275;-0.03216264;1.871044;0.067783;-0.07622377;1.975324;0.07127;-0.02182188;1.908607;
-0.1151345;0.05888917;1.93655;-0.1058211;0.3294903;1.822066;-0.09590266;0.5893738;1.696338;-0.08626723;0.7014263;1.638945;-0.2509757;0.4703036;1.698011;-0.3087995;0.2221858;1.783619;-0.3474057;-0.003079342;1.840314;-0.3411001;-0.05217429;1.865747;0.07498343;0.4838197;1.726301;0.1277595;0.2295251;1.836391;0.1077485;0.004718607;1.902986;0.08125427;-0.04519304;1.926117;-0.1875528;0.05456453;1.894441;-0.2132685;-0.2560076;2.047732;-0.2791965;-0.5524473;2.184025;-0.276123;-0.6264648;2.101563;-0.03871518;0.06115779;1.911115;-0.06667174;-0.2373108;2.129284;-0.1139667;-0.5067419;2.330201;-0.10204;-0.5844973;2.279793;-0.09848756;0.5260577;1.729711;-0.3201205;-0.09716661;1.888341;-0.3109786;-0.03731422;1.840205;0.06196371;-0.08493004;1.944531;0.06497934;-0.02606084;1.881269;
-0.1119132;0.007122146;1.864255;-0.1059602;0.2803994;1.745155;-0.09925953;0.5428374;1.614386;-0.08982915;0.6543673;1.552789;-0.2547522;0.4247546;1.620556;-0.3100509;0.1743103;1.711003;-0.3495274;-0.05013543;1.767312;-0.3405473;-0.09458616;1.805771;0.0689505;0.4387187;1.651292;0.1261126;0.1989942;1.767069;0.1039758;-0.0223368;1.84071;0.07449221;-0.07268935;1.862744;-0.1843884;0.003752927;1.82194;-0.2175256;-0.3451955;1.967839;-0.2389021;-0.6321585;1.989487;-0.2219238;-0.6958008;1.892578;-0.03539342;0.01023234;1.83894;-0.05857296;-0.2775591;2.07284;-0.1147189;-0.5065078;2.311641;-0.0970798;-0.5830899;2.279371;-0.1010607;0.4789178;1.649054;-0.3194953;-0.1392212;1.829483;-0.309424;-0.07794767;1.781655;0.0572377;-0.1123505;1.881984;0.05430377;-0.071626;1.830714;
-0.1162931;2.855544E-05;1.849089;-0.1088873;0.2718567;1.730944;-0.1007989;0.5327344;1.600823;-0.09136871;0.6469768;1.541413;-0.2565252;0.4159396;1.607396;-0.31101;0.1671566;1.699245;-0.3495095;-0.05513009;1.761091;-0.3403352;-0.1058319;1.790502;0.06620405;0.4294064;1.637037;0.124675;0.1941105;1.759649;0.1033372;-0.02712332;1.832338;0.07735215;-0.0806659;1.845891;-0.1881954;-0.001008086;1.806756;-0.212963;-0.3433464;1.936953;-0.2257842;-0.6505561;1.94224;-0.2039795;-0.7099609;1.839844;-0.04023342;0.0008391095;1.823576;-0.1157299;-0.3059512;2.00141;-0.1099258;-0.5164034;2.302103;-0.09832034;-0.5918556;2.267675;-0.1029448;0.4692191;1.635357;-0.322054;-0.1496077;1.809086;-0.3085327;-0.08722224;1.765946;0.05631819;-0.1397916;1.862336;0.05507399;-0.08762119;1.821182;
-0.1260579;-0.03917767;1.792966;-0.1180368;0.2303339;1.674173;-0.1091585;0.4891919;1.54338;-0.1002971;0.6069713;1.48336;-0.2659577;0.3740031;1.549405;-0.3212601;0.125142;1.641664;-0.3468504;-0.09280842;1.718784;-0.3403328;-0.1373731;1.756558;0.0574729;0.3885243;1.579277;0.1170459;0.1609147;1.713437;0.1128177;-0.05684042;1.795445;0.08589324;-0.1105807;1.818443;-0.1969756;-0.03618596;1.748608;-0.1941438;-0.3725463;1.872976;-0.1936181;-0.6661865;1.883686;-0.1937629;-0.7371704;1.778264;-0.05040968;-0.04069172;1.769727;-0.06171119;-0.3211825;2.066083;-0.1825899;-0.5368768;2.212556;-0.1019564;-0.5740889;2.245119;-0.1115218;0.4261548;1.578092;-0.3257219;-0.1786288;1.771752;-0.3028276;-0.1327837;1.7388;0.06819405;-0.1489201;1.832942;0.07148433;-0.09092809;1.780286;
-0.1343862;-0.05613193;1.766205;-0.1237051;0.2159733;1.653151;-0.1125851;0.4771453;1.527246;-0.1035415;0.5977697;1.471216;-0.2705415;0.360628;1.53448;-0.3251271;0.114331;1.628404;-0.3425572;-0.1065679;1.699644;-0.3423507;-0.1367821;1.729011;0.05447004;0.3790335;1.565771;0.117059;0.15016;1.704112;0.1086207;-0.06731234;1.785828;0.09106881;-0.1222988;1.805427;-0.2057701;-0.05258455;1.722552;-0.1891368;-0.4011792;1.854349;-0.1943535;-0.6967803;1.880584;-0.1889845;-0.7655548;1.771324;-0.05787395;-0.05754307;1.742292;-0.07132221;-0.3528849;2.042507;-0.1484547;-0.5289118;2.256608;-0.08300076;-0.5741426;2.253789;-0.1154709;0.4135567;1.560812;-0.3221115;-0.1963912;1.751176;-0.2936576;-0.1281764;1.719857;0.0739311;-0.1610917;1.818012;0.08948053;-0.1620344;1.791417;
-0.1342606;-0.07529411;1.737111;-0.126766;0.1960958;1.62607;-0.1182484;0.4568749;1.50274;-0.1104069;0.5784282;1.446386;-0.2775541;0.3412091;1.509768;-0.3306576;0.09054378;1.594006;-0.3550478;-0.1284059;1.667908;-0.3427664;-0.1689935;1.715801;0.04907947;0.3582402;1.537992;0.1170867;0.1301925;1.684038;0.1114267;-0.08141701;1.777967;0.1066324;-0.09084649;1.767497;-0.2060407;-0.07296489;1.694048;-0.1839603;-0.4082991;1.821027;-0.1884362;-0.7168362;1.864326;-0.1858597;-0.7799047;1.772471;-0.05728333;-0.07474563;1.712659;-0.06752941;-0.3805855;2.016188;-0.1341846;-0.5349079;2.252558;-0.06497243;-0.5745674;2.240775;-0.1205471;0.3933536;1.535615;-0.3229218;-0.2123287;1.733954;-0.3063135;-0.1581652;1.698429;0.08887962;-0.170826;1.798188;0.08495929;-0.103853;1.744;
-0.1391368;-0.0936462;1.706234;-0.1324774;0.1795546;1.600117;-0.1245786;0.4418575;1.481088;-0.1157628;0.5615233;1.421342;-0.2807056;0.3227808;1.483785;-0.3357069;0.07806985;1.5743;-0.3590866;-0.1394075;1.652156;-0.3450204;-0.1849845;1.692176;0.04458888;0.3445391;1.518692;0.1190186;0.1125854;1.667108;0.1131255;-0.1008419;1.757371;0.1136527;-0.09636208;1.746665;-0.2115898;-0.09328266;1.663617;-0.1752888;-0.4065189;1.770068;-0.1910762;-0.726297;1.858334;-0.1850621;-0.7899283;1.772905;-0.06122921;-0.09041133;1.681411;-0.0489646;-0.3987926;1.9909;-0.1228044;-0.5792994;2.200947;-0.05660769;-0.5777553;2.225399;-0.126746;0.3779828;1.51294;-0.3269148;-0.2312751;1.707391;-0.3079516;-0.1790865;1.675906;0.09724807;-0.1790692;1.781648;0.09069395;-0.1168086;1.729452;
-0.1479503;-0.1218158;1.641615;-0.1406708;0.1518881;1.54031;-0.1321682;0.4146255;1.426352;-0.125476;0.5335602;1.36293;-0.2873745;0.2954554;1.428287;-0.3389626;0.04514513;1.516477;-0.3505744;-0.1704484;1.601064;-0.3479724;-0.2006291;1.630659;0.03730128;0.3165875;1.46327;0.1095899;0.08647571;1.611887;0.1206408;-0.1239819;1.707515;0.1189406;-0.1726094;1.73822;-0.2201713;-0.1221977;1.600007;-0.1516506;-0.4228445;1.708364;-0.192019;-0.7301621;1.854087;-0.181337;-0.8028255;1.76959;-0.06967945;-0.1164487;1.616038;-0.08029988;-0.4283296;1.713431;-0.1537461;-0.6054779;1.921589;-0.1649711;-0.6977389;1.835305;-0.1344929;0.3506614;1.456905;-0.337983;-0.259877;1.650865;-0.2948671;-0.2021092;1.5935;0.1026267;-0.208755;1.751051;0.09647357;-0.1431803;1.702611;
-0.1494613;-0.1259763;1.626865;-0.1421426;0.1475774;1.526126;-0.1335717;0.4101371;1.412675;-0.1261542;0.5289925;1.348703;-0.2887823;0.2912458;1.417367;-0.3391429;0.04079532;1.503847;-0.348882;-0.1763661;1.585325;-0.3436884;-0.2114073;1.603882;0.03761291;0.3141152;1.451972;0.1086243;0.0829846;1.598512;0.1218488;-0.127365;1.694223;0.1173557;-0.1790864;1.721406;-0.2216135;-0.126417;1.585454;-0.167494;-0.4333367;1.697191;-0.1931843;-0.7331636;1.850228;-0.1807512;-0.8052013;1.769141;-0.07114926;-0.1203397;1.601179;-0.0798452;-0.4359746;1.678064;-0.1524846;-0.6110361;1.883833;-0.1659991;-0.7102001;1.812763;-0.1359177;0.3462239;1.443104;-0.3296404;-0.2703733;1.62764;-0.2963878;-0.2335844;1.57825;0.1016498;-0.2148845;1.734214;0.09251667;-0.1759548;1.7346;
-0.1499818;-0.1320203;1.59968;-0.142389;0.1407782;1.498249;-0.1335021;0.4024857;1.384014;-0.1257821;0.5207466;1.317532;-0.2883146;0.2848656;1.384791;-0.3393513;0.03598125;1.477109;-0.3470755;-0.1861253;1.54664;-0.3443834;-0.1907313;1.561118;0.03825631;0.3075221;1.422956;0.1063084;0.07761682;1.565402;0.1198119;-0.1298464;1.666417;0.1138765;-0.1795773;1.697509;-0.2220541;-0.1325017;1.559084;-0.1858804;-0.4390912;1.673947;-0.1936959;-0.7366904;1.847026;-0.1804394;-0.8060928;1.768455;-0.07162975;-0.126003;1.573272;-0.07687512;-0.4459166;1.624224;-0.1488745;-0.6191851;1.828035;-0.1663441;-0.7244104;1.785982;-0.1359324;0.3388055;1.414643;-0.3296417;-0.2719221;1.592076;-0.3004535;-0.1585966;1.547385;0.09839027;-0.2152855;1.714933;0.09086163;-0.1506316;1.6554;
-0.1516883;-0.1517196;1.524912;-0.1408736;0.1196909;1.422991;-0.12879;0.3798861;1.307988;-0.1191792;0.4978748;1.244621;-0.2839192;0.2649238;1.307903;-0.3407791;0.0192063;1.397094;-0.3360601;-0.2052681;1.460101;-0.3376825;-0.2022389;1.478566;0.04278892;0.2855971;1.345952;0.1074026;0.06072208;1.486786;0.1255746;-0.1473016;1.585632;0.1059765;-0.1960986;1.619602;-0.2235399;-0.1506893;1.482753;-0.2113233;-0.4367492;1.601558;-0.1928296;-0.7569601;1.818736;-0.1763954;-0.8273638;1.762631;-0.07319991;-0.1461059;1.500289;-0.06069866;-0.4670761;1.52908;-0.05607354;-0.7598065;1.779783;-0.0435919;-0.8267571;1.684871;-0.1320131;0.3166289;1.338823;-0.3350002;-0.2841021;1.51056;-0.2970968;-0.1683248;1.477628;0.08669809;-0.2318401;1.636438;0.08521525;-0.1696513;1.579591;
-0.1472647;-0.155966;1.514527;-0.1385379;0.1154789;1.412909;-0.1283514;0.375602;1.297912;-0.1183613;0.4942036;1.235414;-0.2836413;0.2607793;1.29865;-0.3405845;0.01500528;1.38539;-0.3327016;-0.2103541;1.444856;-0.334561;-0.2083672;1.453726;0.04337665;0.2808249;1.33408;0.1088716;0.05602621;1.474887;0.1242979;-0.1529281;1.571945;0.1083995;-0.1946408;1.586596;-0.2195976;-0.1542427;1.471825;-0.2145919;-0.4422421;1.602363;-0.1775625;-0.7709021;1.814638;-0.1609353;-0.8381916;1.749257;-0.06844057;-0.1508338;1.490473;-0.06598709;-0.4684716;1.519297;-0.03430237;-0.8083484;1.714287;-0.02291193;-0.8748129;1.619307;-0.1311132;0.3123767;1.328772;-0.3302695;-0.2956736;1.484949;-0.2926463;-0.1641969;1.45247;0.09178431;-0.2392595;1.604039;0.07992344;-0.1636237;1.537;
-0.1444424;-0.169618;1.486654;-0.1364014;0.1032681;1.388842;-0.1269038;0.3648571;1.277563;-0.1162588;0.484621;1.216478;-0.2820203;0.2504519;1.279656;-0.3396769;0.00608127;1.364105;-0.3322374;-0.2194111;1.422219;-0.3238114;-0.269155;1.452586;0.04555766;0.2693296;1.313303;0.1113286;0.04283756;1.450102;0.1266535;-0.1655123;1.547609;0.1154699;-0.1644917;1.540405;-0.2172006;-0.1656238;1.443021;-0.2384962;-0.4300596;1.57948;-0.1730339;-0.7719495;1.776587;-0.1154785;-0.8427734;1.704102;-0.06522494;-0.1660564;1.463632;-0.07003107;-0.4763007;1.502908;-0.03152439;-0.8398774;1.666108;-0.003162807;-0.9027725;1.602974;-0.129501;0.3012706;1.307501;-0.308067;-0.3171816;1.473668;-0.2793446;-0.2613203;1.430636;0.101861;-0.2527955;1.57709;0.07063887;-0.1404835;1.4915;
-0.1400938;-0.1780718;1.469542;-0.1331067;0.09388605;1.370614;-0.1247737;0.3545421;1.258208;-0.112883;0.4734001;1.194571;-0.2774358;0.2398606;1.25748;-0.3378477;-0.008018434;1.343013;-0.3353999;-0.2342443;1.39776;-0.3230096;-0.2812244;1.429465;0.04862525;0.2587506;1.29411;0.1128486;0.03392912;1.425872;0.1322606;-0.1743583;1.522236;0.1188867;-0.1811799;1.520232;-0.2130641;-0.1735302;1.425483;-0.2227408;-0.4371668;1.558882;-0.1584454;-0.7756435;1.712279;-0.1870117;-0.8261719;1.751953;-0.06082284;-0.1745478;1.447167;-0.07059745;-0.4805366;1.489149;-0.04287729;-0.830354;1.630859;-0.008024249;-0.8867205;1.561894;-0.1270718;0.291194;1.288422;-0.3164723;-0.3291653;1.450416;-0.2758997;-0.2733071;1.409217;0.1033831;-0.2704437;1.558736;0.08267117;-0.1749621;1.490714;
