-0.3369486;1.06619;3.946125;-0.3466025;1.275184;3.824521;-0.3458399;1.478283;3.69812;-0.339239;1.557588;3.663706;-0.473226;1.35001;3.661275;-0.6068538;1.341452;3.424188;-0.6978564;1.309599;3.248343;-0.7320808;1.341586;3.231539;-0.1802106;1.529568;3.774055;0.03050965;1.49422;3.859986;0.2206478;1.523012;3.858561;0.2624056;1.542542;3.881359;-0.3857529;1.029967;3.883738;-0.4180242;0.8069564;4.035255;-0.4445362;0.5266573;4.201457;-0.3944321;0.4486814;4.122453;-0.2792139;1.088776;3.947171;-0.2987661;0.8116854;4.043433;-0.3044676;0.529669;4.21235;-0.351493;0.4586604;4.202685;-0.3474673;1.427886;3.731148;-0.7801597;1.343843;3.155085;-0.7551409;1.306465;3.158833;0.3342373;1.540928;3.911426;0.2430869;1.559318;3.853714;
-0.3306367;1.070058;3.937577;-0.3247461;1.274749;3.81799;-0.3093601;1.469885;3.693404;-0.3427633;1.55308;3.667763;-0.4487362;1.38753;3.651615;-0.5970739;1.357568;3.430837;-0.6965715;1.334272;3.258659;-0.7314174;1.336512;3.237743;-0.1731086;1.527048;3.779032;0.0682882;1.488167;3.862473;0.2879819;1.54637;3.897323;0.3529503;1.549083;3.908586;-0.3808674;1.038556;3.872958;-0.4180913;0.8056929;4.033635;-0.4446394;0.5265743;4.201786;-0.4332235;0.4384231;4.184154;-0.2739553;1.087949;3.941778;-0.2979313;0.8099813;4.044126;-0.304577;0.5289307;4.211213;-0.3465292;0.4563865;4.207269;-0.3132631;1.422224;3.725969;-0.7736496;1.325962;3.163989;-0.7366679;1.312132;3.2478;0.406572;1.535149;3.946429;0.3592255;1.555019;3.895143;
-0.3260747;1.074752;3.927571;-0.3214763;1.27547;3.815121;-0.3089583;1.469753;3.693134;-0.3307929;1.553964;3.664501;-0.4503393;1.391533;3.649976;-0.5970122;1.357322;3.431565;-0.7116221;1.336584;3.269372;-0.7340867;1.327943;3.245707;-0.1730008;1.526943;3.779028;0.07380475;1.50022;3.851815;0.2596981;1.542793;3.865216;0.3048477;1.555953;3.886027;-0.378846;1.045226;3.859179;-0.4155602;0.8086929;4.027465;-0.4022268;0.5303454;4.190539;-0.467599;0.4817111;4.186898;-0.2684405;1.089824;3.935672;-0.2967781;0.807644;4.043868;-0.3040427;0.5308129;4.208807;-0.3456089;0.458304;4.205652;-0.3124648;1.422157;3.725389;-0.7743222;1.311025;3.18189;-0.735079;1.29843;3.235714;0.3780514;1.556559;3.899899;0.3275029;1.549651;3.865;
-0.3003935;1.07096;3.915723;-0.3106245;1.275693;3.809196;-0.3069384;1.47168;3.690835;-0.3120227;1.561342;3.665231;-0.4358218;1.416609;3.644877;-0.563043;1.369653;3.460032;-0.6993994;1.309524;3.288414;-0.7504752;1.301483;3.246524;-0.1724862;1.526289;3.778622;0.07600637;1.500816;3.846816;0.2629746;1.536215;3.864382;0.3292981;1.547155;3.88549;-0.3593467;1.045381;3.85874;-0.3762327;0.8175542;3.990138;-0.3939101;0.528756;4.182728;-0.4620355;0.4865437;4.181902;-0.2340924;1.078572;3.908525;-0.2924369;0.8061405;4.035355;-0.3039035;0.5259408;4.202821;-0.2529379;0.449046;4.123995;-0.3085777;1.423949;3.722836;-0.794731;1.301547;3.190742;-0.7546159;1.269799;3.205545;0.3978456;1.54664;3.902804;0.3460034;1.554872;3.874;
-0.2991312;1.067873;3.912384;-0.3071631;1.273456;3.806369;-0.3063163;1.471471;3.690312;-0.3065766;1.561596;3.665263;-0.4348692;1.41592;3.645353;-0.5613803;1.371457;3.458032;-0.6974928;1.308869;3.305939;-0.7564119;1.292221;3.262901;-0.1719138;1.525475;3.778249;0.07370085;1.492781;3.852728;0.2613931;1.529229;3.862878;0.3261134;1.53741;3.881332;-0.3579379;1.042072;3.858114;-0.3755225;0.8059351;3.9911;-0.3888061;0.528537;4.178101;-0.4536109;0.4778446;4.172307;-0.234055;1.076721;3.904008;-0.28731;0.8046681;4.027688;-0.3046043;0.5302206;4.1982;-0.253783;0.4533914;4.119102;-0.3072453;1.423329;3.721688;-0.8023698;1.284444;3.221974;-0.761311;1.259051;3.2112;0.3953041;1.538747;3.888156;0.3030147;1.540165;3.850429;
-0.2867534;1.060693;3.902423;-0.3013397;1.271333;3.803348;-0.3061258;1.471622;3.690449;-0.2904297;1.565329;3.672359;-0.43189;1.413617;3.646911;-0.5607622;1.367223;3.462589;-0.7008473;1.294602;3.3223;-0.7441732;1.2722;3.310952;-0.1686998;1.524358;3.77844;0.07381373;1.475821;3.855163;0.2613775;1.514085;3.862675;0.3247506;1.510362;3.890528;-0.3428195;1.036593;3.843437;-0.3564915;0.7701343;3.965443;-0.3931985;0.4964776;4.1351;-0.4400543;0.431518;4.138584;-0.2258226;1.069404;3.90008;-0.2541255;0.8056918;3.995524;-0.3017894;0.5317528;4.177708;-0.2513408;0.4553761;4.09758;-0.3064166;1.423297;3.721519;-0.7961876;1.234635;3.255675;-0.7818081;1.221851;3.253667;0.4008403;1.512913;3.916439;0.3393385;1.528184;3.8828;
-0.2743837;1.058627;3.89826;-0.2821024;1.267518;3.801159;-0.2895022;1.469259;3.69403;-0.2892778;1.563178;3.673394;-0.4307127;1.410981;3.647879;-0.5594147;1.365224;3.466199;-0.692411;1.29454;3.335871;-0.7456164;1.265115;3.322388;-0.1643485;1.522785;3.779205;0.07788246;1.470004;3.854712;0.2889356;1.494653;3.870919;0.3353527;1.497324;3.894874;-0.3323369;1.035132;3.838509;-0.3523896;0.7696608;3.960255;-0.3865166;0.4950458;4.122601;-0.4326017;0.4243571;4.113893;-0.2121484;1.066367;3.897981;-0.2502536;0.808561;3.988529;-0.3039015;0.5344511;4.158367;-0.2538654;0.4580513;4.077842;-0.2877766;1.420058;3.723121;-0.8000314;1.231686;3.268503;-0.7306297;1.248944;3.3625;0.4104123;1.499134;3.92185;0.2992154;1.500498;3.8818;
-0.271156;1.057677;3.894422;-0.2793614;1.269009;3.799474;-0.2853766;1.474857;3.694231;-0.2856333;1.56541;3.669619;-0.4213381;1.401066;3.648568;-0.5593349;1.363623;3.469674;-0.6924336;1.293358;3.339278;-0.7805696;1.248119;3.31569;-0.1134933;1.517687;3.789774;0.08339212;1.464547;3.854095;0.2920868;1.490269;3.874889;0.3563705;1.488278;3.906385;-0.329728;1.035043;3.835437;-0.3469158;0.7727063;3.955019;-0.3807666;0.4811462;4.113883;-0.4272324;0.4146705;4.053567;-0.208387;1.064282;3.893649;-0.2493415;0.8084689;3.984559;-0.2915823;0.5559069;4.130843;-0.2443856;0.4787424;4.048679;-0.2841803;1.424193;3.722536;-0.8316955;1.238496;3.290638;-0.7753281;1.21919;3.2822;0.4385952;1.492568;3.946458;0.3126369;1.502946;3.8662;
-0.2658847;1.038639;3.86922;-0.2764345;1.253394;3.767519;-0.2862352;1.462286;3.655999;-0.2675847;1.556711;3.639683;-0.4032875;1.378704;3.633421;-0.5577213;1.356532;3.473712;-0.7118495;1.244018;3.389385;-0.7879485;1.223658;3.356863;-0.09870397;1.499667;3.763699;0.1405441;1.417723;3.825387;0.3251424;1.428872;3.869286;0.3668747;1.442427;3.873516;-0.3238553;1.017512;3.812885;-0.3440064;0.7294415;3.923892;-0.3333087;0.4029223;3.965267;-0.3249116;0.3234967;3.897344;-0.2039663;1.044004;3.866326;-0.2526934;0.7862952;3.961864;-0.294554;0.5398458;4.115402;-0.2487285;0.4622587;4.032774;-0.2839201;1.411022;3.685634;-0.8419856;1.193818;3.335397;-0.7969046;1.219711;3.322133;0.4302282;1.432095;3.902497;0.3786696;1.450026;3.866111;
-0.267362;1.034261;3.867054;-0.2779764;1.249941;3.764394;-0.2878338;1.459497;3.652145;-0.2657121;1.549289;3.631516;-0.4061742;1.379379;3.623915;-0.5580556;1.357155;3.473989;-0.7050502;1.24512;3.390853;-0.7868316;1.220471;3.359421;-0.1196915;1.450866;3.729388;0.08798994;1.420629;3.809331;0.2786471;1.403743;3.825972;0.3439307;1.43165;3.846926;-0.3257571;1.014324;3.811898;-0.33665;0.7324378;3.918822;-0.3196066;0.4063593;3.953439;-0.3148698;0.319355;3.870734;-0.2048052;1.037946;3.862494;-0.2516584;0.7808967;3.959182;-0.2766927;0.5222879;4.085064;-0.2609511;0.4643905;4.120304;-0.2855061;1.408109;3.681973;-0.8425878;1.182963;3.335862;-0.776561;1.231643;3.331091;0.4202271;1.429053;3.87516;0.3142917;1.446634;3.79775;
-0.2673975;1.032382;3.863681;-0.2762133;1.244881;3.758114;-0.2830056;1.449555;3.642352;-0.2688886;1.542052;3.622245;-0.411396;1.377889;3.613437;-0.5852181;1.248203;3.510324;-0.7540959;1.229333;3.360047;-0.777428;1.222372;3.355093;-0.1012591;1.471225;3.729315;0.0911881;1.418911;3.80705;0.2839187;1.41344;3.805403;0.3458236;1.420933;3.824349;-0.325701;1.013066;3.809311;-0.3215592;0.7249758;3.911273;-0.2972946;0.3848521;3.917448;-0.302863;0.3100701;3.834841;-0.2049731;1.035563;3.85852;-0.2490969;0.7725941;3.956217;-0.2761174;0.5166614;4.08658;-0.2358253;0.4376893;4.002007;-0.2815793;1.399578;3.673128;-0.8408666;1.178755;3.33106;-0.7833257;1.220206;3.325883;0.4254922;1.416328;3.859497;0.3252216;1.436927;3.785667;
-0.2668672;1.026012;3.854341;-0.2770921;1.238065;3.746417;-0.2860222;1.44347;3.629454;-0.2670561;1.535048;3.609802;-0.4131387;1.369881;3.602561;-0.5804784;1.267983;3.491395;-0.7395883;1.225815;3.365151;-0.7783464;1.214487;3.351291;-0.1005252;1.47265;3.724194;0.09762897;1.412725;3.79715;0.2903063;1.410686;3.795931;0.3483155;1.410805;3.810441;-0.3250541;1.007679;3.80104;-0.3139811;0.7059523;3.904231;-0.2958319;0.3826861;3.911441;-0.2812308;0.2916892;3.807516;-0.2045995;1.028452;3.848327;-0.1920609;0.8003954;3.968628;-0.2190009;0.5458521;4.101615;-0.1957441;0.650404;4.037715;-0.2839978;1.393208;3.660441;-0.8393379;1.172104;3.325014;-0.7404506;1.244654;3.329;0.4270056;1.406397;3.841832;0.3207141;1.420812;3.7646;
-0.2722306;1.012861;3.842275;-0.2813064;1.236316;3.735098;-0.2913082;1.452417;3.613678;-0.2640185;1.536104;3.588681;-0.4133316;1.361627;3.592502;-0.5813568;1.269845;3.484443;-0.7498397;1.212907;3.359882;-0.7809125;1.20781;3.345479;-0.1199527;1.425357;3.694272;0.1089941;1.403571;3.784004;0.3017028;1.402541;3.781424;0.3398994;1.403847;3.788978;-0.3299823;0.9988045;3.794379;-0.3082188;0.7043689;3.89218;-0.2914099;0.382217;3.903648;-0.2771696;0.28962;3.801608;-0.2100454;1.010249;3.829174;-0.189129;0.7977908;3.968513;-0.2065092;0.5548773;4.121463;-0.1937046;0.6506345;4.034043;-0.2888224;1.398874;3.646315;-0.8396982;1.165504;3.324864;-0.7902007;1.218488;3.321647;0.4078019;1.397441;3.807999;0.3340771;1.42725;3.76025;
-0.2729243;1.006008;3.835973;-0.281681;1.231168;3.732318;-0.2909689;1.448719;3.614718;-0.2727229;1.513192;3.572617;-0.4138643;1.352739;3.579355;-0.5933794;1.243522;3.472471;-0.7478269;1.21669;3.348349;-0.784072;1.202054;3.334825;-0.1227033;1.426617;3.686124;0.1057598;1.399807;3.772055;0.2985326;1.398543;3.769074;0.3466924;1.3973;3.771042;-0.3313537;0.9890515;3.783289;-0.3025457;0.7024397;3.884735;-0.2843438;0.3759029;3.89411;-0.2760974;0.2817488;3.794552;-0.2103069;1.006572;3.827082;-0.1879499;0.7942098;3.966336;-0.1973549;0.5557238;4.12622;-0.1908428;0.650156;4.035726;-0.2886914;1.395407;3.646373;-0.8438475;1.154326;3.305538;-0.7410056;1.229602;3.314728;0.4225838;1.386666;3.802001;0.3294354;1.414531;3.736625;
-0.2747262;0.9637267;3.768609;-0.2834114;1.182694;3.653024;-0.2911653;1.395218;3.528616;-0.283509;1.477914;3.497203;-0.4306712;1.30165;3.512577;-0.6005909;1.202166;3.428291;-0.7520248;1.178953;3.302932;-0.8066626;1.161495;3.279379;-0.1045411;1.395034;3.627878;0.1444174;1.353095;3.688133;0.3370636;1.346954;3.670881;0.3994079;1.376781;3.685179;-0.3343691;0.9482688;3.720171;-0.2932941;0.680324;3.818497;-0.2857908;0.3762037;3.89271;-0.2774096;0.2943891;3.83049;-0.2107639;0.9639968;3.757658;-0.1878999;0.6924185;3.959213;-0.199495;0.4618366;4.128943;-0.1946464;0.5558081;4.036523;-0.2893952;1.343148;3.561442;-0.8643596;1.121246;3.248574;-0.7598006;1.192664;3.256572;0.4533505;1.380864;3.717466;0.3979553;1.383063;3.67;
-0.2735815;0.9587467;3.742386;-0.2757309;1.179827;3.644282;-0.2735331;1.392287;3.528636;-0.2912775;1.469667;3.493442;-0.4310521;1.301564;3.510977;-0.5953085;1.202488;3.427655;-0.7367527;1.208398;3.280265;-0.7847408;1.164029;3.277123;-0.1077906;1.401059;3.616966;0.1145865;1.331492;3.674642;0.3055131;1.354411;3.657681;0.3697777;1.375327;3.6484;-0.3333083;0.9409072;3.693855;-0.29264;0.6829816;3.808892;-0.2910374;0.3770778;3.884054;-0.2763885;0.2917672;3.834916;-0.2095185;0.961302;3.731366;-0.1860989;0.708699;3.925344;-0.2040565;0.4967778;4.115972;-0.197283;0.5849128;4.015793;-0.2753752;1.340382;3.559062;-0.8422838;1.119561;3.230975;-0.7917831;1.186969;3.253867;0.4461357;1.378853;3.678704;0.3922489;1.385157;3.642143;
-0.2628014;0.921595;3.662686;-0.2582075;1.136659;3.552265;-0.2529205;1.34528;3.432987;-0.3073912;1.420306;3.412931;-0.455516;1.269414;3.422673;-0.6312306;1.16694;3.346211;-0.7742698;1.151569;3.209754;-0.8330101;1.121175;3.184534;-0.1144086;1.346217;3.497;0.1204623;1.308228;3.541763;0.3087603;1.341929;3.513046;0.3777944;1.341972;3.524194;-0.3238409;0.9018968;3.614828;-0.2958217;0.636547;3.748226;-0.3104332;0.3676679;3.859863;-0.2728764;0.2872718;3.838582;-0.197508;0.9263352;3.651102;-0.2000754;0.6562276;3.783424;-0.2247986;0.4436944;4.041456;-0.2210083;0.5307617;3.961914;-0.2543748;1.294183;3.464535;-0.892067;1.07919;3.142388;-0.8278856;1.105861;3.152294;0.444355;1.338475;3.526599;0.385921;1.353104;3.511307;
-0.2633744;0.9182755;3.659142;-0.2602189;1.135427;3.549378;-0.2570617;1.345766;3.429825;-0.3085639;1.419382;3.406175;-0.4527926;1.259421;3.420005;-0.6316244;1.165766;3.344651;-0.7757617;1.138583;3.211232;-0.8300561;1.124029;3.169599;-0.1142374;1.345457;3.496091;0.09701733;1.306107;3.528922;0.2866455;1.332002;3.499558;0.352721;1.335836;3.495298;-0.324224;0.8991346;3.612146;-0.2975742;0.6345103;3.744756;-0.314569;0.3663207;3.857373;-0.28044;0.2841817;3.832513;-0.1982886;0.9224473;3.646573;-0.1977978;0.6440681;3.773574;-0.2591647;0.3985256;3.9272;-0.2916662;0.305685;3.833096;-0.2578524;1.294186;3.461507;-0.8878748;1.076622;3.116377;-0.840426;1.134076;3.144167;0.4244204;1.333448;3.502575;0.3353316;1.357807;3.4736;
-0.2647628;0.9101341;3.64887;-0.2696832;1.129692;3.527332;-0.2793572;1.345488;3.389867;-0.320164;1.441836;3.384893;-0.4534658;1.256117;3.413605;-0.6324747;1.16487;3.339373;-0.7955649;1.132943;3.18226;-0.8250117;1.131977;3.160141;-0.1113425;1.323243;3.49016;0.1114808;1.297984;3.510472;0.30817;1.317101;3.471792;0.3596214;1.328212;3.471123;-0.3258958;0.891754;3.600517;-0.3005522;0.6251174;3.736673;-0.3203437;0.3618452;3.853789;-0.2806895;0.2823098;3.830669;-0.199363;0.9136566;3.637596;-0.191265;0.6318596;3.753066;-0.2529289;0.3958147;3.927203;-0.2898419;0.3056293;3.832023;-0.2765772;1.292247;3.426535;-0.8839132;1.089638;3.10236;-0.8123745;1.160935;3.142125;0.4297041;1.325739;3.472425;0.3446254;1.346966;3.450667;
-0.2651556;0.9039917;3.637937;-0.2626439;1.122863;3.522461;-0.2490149;1.328982;3.396512;-0.3117044;1.407094;3.387661;-0.4558672;1.253803;3.404862;-0.6327182;1.162694;3.334636;-0.7665973;1.144558;3.188963;-0.8243201;1.137108;3.150882;-0.1103403;1.31581;3.481264;0.1167859;1.289375;3.4951;0.302625;1.3116;3.44115;0.3651226;1.317987;3.443077;-0.3263791;0.8856903;3.589241;-0.3067827;0.6167869;3.722794;-0.3273627;0.3585237;3.849492;-0.2900971;0.2778114;3.825591;-0.1996288;0.9075451;3.627151;-0.1813485;0.6258842;3.719373;-0.2478882;0.3657126;3.902088;-0.2893547;0.3012975;3.831852;-0.2550473;1.279466;3.428498;-0.8831601;1.091474;3.090825;-0.8069376;1.151918;3.12925;0.4328036;1.317687;3.442417;0.3921029;1.325241;3.430667;
-0.2561892;0.8687761;3.570444;-0.2476659;1.110724;3.459143;-0.2385216;1.345722;3.339055;-0.3112949;1.382562;3.31306;-0.3930287;1.158192;3.338086;-0.6401834;1.138542;3.289558;-0.8145804;1.110562;3.124247;-0.8609763;1.102514;3.093237;-0.1153196;1.310169;3.381718;0.1303498;1.276173;3.389342;0.305619;1.317591;3.313349;0.3603026;1.329178;3.280964;-0.3152348;0.8427023;3.517502;-0.3287208;0.5982127;3.658376;-0.2928147;0.3302162;3.809051;-0.2608786;0.2508947;3.721336;-0.1928874;0.8803586;3.563844;-0.1803059;0.5765839;3.619447;-0.1843021;0.329726;3.813011;-0.2201118;0.2550663;3.810294;-0.2409289;1.288098;3.370787;-0.9163519;1.069002;3.047086;-0.8514999;1.131696;3.091;0.4285914;1.339287;3.261565;0.3854331;1.321051;3.27125;
-0.2562957;0.8684502;3.569376;-0.2477046;1.110259;3.458427;-0.2385072;1.345109;3.338575;-0.3113718;1.38198;3.312372;-0.398636;1.159186;3.338573;-0.6431523;1.158584;3.240368;-0.8080508;1.109422;3.126586;-0.8688118;1.087756;3.087261;-0.1153132;1.309736;3.381294;0.1285297;1.279606;3.377753;0.2945508;1.327105;3.284672;0.3292626;1.344158;3.256162;-0.3154694;0.8424193;3.517079;-0.3278925;0.5969709;3.656741;-0.2926146;0.3304893;3.805302;-0.2616227;0.2510418;3.717265;-0.1927161;0.8800097;3.561701;-0.1800714;0.5749361;3.617118;-0.1800163;0.3162487;3.799643;-0.1643295;0.2298371;3.761472;-0.2409273;1.287526;3.370256;-0.9231436;1.054561;3.041567;-0.8986928;1.074735;3.043833;0.3893609;1.363752;3.221282;0.3536335;1.339231;3.2615;
-0.2572018;0.8685089;3.561263;-0.2545705;1.111528;3.439471;-0.2554057;1.34842;3.30381;-0.3417449;1.366478;3.256672;-0.3840257;1.197824;3.308605;-0.6365829;1.151608;3.24561;-0.8044009;1.106432;3.126591;-0.866778;1.080617;3.086297;-0.1136811;1.304841;3.371324;0.1219504;1.287889;3.348249;0.2807712;1.344804;3.247791;0.3176273;1.364895;3.223024;-0.3165513;0.8435663;3.514924;-0.3294815;0.5953511;3.654083;-0.2901441;0.3285868;3.795484;-0.2417828;0.2539341;3.765619;-0.1926297;0.877058;3.543016;-0.1837218;0.5726078;3.605755;-0.1717438;0.309614;3.760861;-0.146668;0.2249607;3.730689;-0.2549429;1.290254;3.339896;-0.9269625;1.042494;3.046047;-0.8769602;1.078645;3.052059;0.372924;1.393133;3.189986;0.3389123;1.363554;3.231539;
-0.2843464;0.8690758;3.552958;-0.2658445;1.111424;3.430591;-0.2560478;1.3477;3.29786;-0.3425122;1.36761;3.255064;-0.3827056;1.196632;3.306231;-0.6355172;1.150239;3.244686;-0.7886584;1.103901;3.128614;-0.8670866;1.069721;3.08571;-0.1039894;1.289686;3.368248;0.1268017;1.310859;3.299307;0.27341;1.372172;3.182951;0.2951255;1.391016;3.189654;-0.3456899;0.8498699;3.506024;-0.3318249;0.5943246;3.648915;-0.2862338;0.3271772;3.785415;-0.2548375;0.2469675;3.698603;-0.2186446;0.8736521;3.538794;-0.1892156;0.5692755;3.59342;-0.1561161;0.3010842;3.733668;-0.1257228;0.221041;3.646783;-0.2576087;1.289682;3.333292;-0.927664;1.032997;3.049599;-0.8546417;1.085825;3.044;0.3555404;1.434597;3.159426;0.3119861;1.383784;3.215667;
-0.2864875;0.8696269;3.548878;-0.2700989;1.116828;3.421719;-0.2570733;1.359655;3.284324;-0.3404779;1.366256;3.244344;-0.3096461;1.196045;3.268596;-0.5678371;1.155723;3.243161;-0.7923419;1.089631;3.129323;-0.8774743;1.050733;3.084386;-0.1046561;1.290189;3.353107;0.1214007;1.314181;3.285173;0.2500773;1.383611;3.1523;0.2559378;1.403123;3.159241;-0.3462921;0.8514373;3.499641;-0.3322353;0.592872;3.642358;-0.2918043;0.3331782;3.777012;-0.2446268;0.2556846;3.697154;-0.2219899;0.873459;3.536641;-0.1914587;0.5653952;3.582237;-0.1402935;0.2700035;3.695872;-0.1319516;0.1845444;3.647804;-0.2602165;1.29997;3.320566;-0.9348437;1.015707;3.047662;-0.8823801;1.052757;3.051476;0.3050675;1.444972;3.105946;0.2932248;1.417501;3.179167;
-0.2678683;0.8617345;3.541426;-0.261736;1.101857;3.407084;-0.2566116;1.326823;3.255594;-0.3434246;1.36476;3.231573;-0.2902674;1.13485;3.257129;-0.5495445;1.122709;3.214689;-0.7299172;1.081781;3.135114;-0.8771368;1.042854;3.093427;-0.1075544;1.291493;3.339191;0.1111018;1.323649;3.26493;0.226865;1.410552;3.130818;0.2537135;1.450215;3.120827;-0.3103413;0.8339873;3.486259;-0.3322954;0.591768;3.638681;-0.2979908;0.3345788;3.771801;-0.2397112;0.2597367;3.699805;-0.2153261;0.8714679;3.534229;-0.1891644;0.5523266;3.573544;-0.126398;0.2522422;3.672245;-0.1610865;0.1731957;3.631776;-0.2574439;1.272623;3.295892;-0.9332613;1.012868;3.051239;-0.8811529;1.050123;3.061308;0.3082759;1.493088;3.085872;0.2696301;1.447139;3.132;
-0.2533748;0.8707784;3.5068;-0.2943784;1.06634;3.368293;-0.3358651;1.254292;3.22589;-0.4191167;1.320092;3.186291;-0.4772913;1.210787;3.266354;-0.6452938;1.117511;3.223267;-0.8086125;1.058924;3.130589;-0.8712466;1.013382;3.143905;-0.1017636;1.308707;3.264348;0.06908094;1.400828;3.154327;0.1636716;1.585392;3.01755;0.1660794;1.608084;3.018126;-0.3122628;0.8448449;3.464644;-0.3081529;0.5769306;3.603719;-0.3123529;0.3333727;3.756086;-0.3647028;0.2677888;3.745021;-0.1852415;0.8796836;3.489148;-0.1754224;0.5179962;3.529682;-0.1351669;0.2090286;3.563088;-0.1496582;0.1291504;3.492188;-0.3257601;1.208351;3.263214;-0.9370157;0.981299;3.126163;-0.8991223;1.008061;3.108;0.1785787;1.632862;3.001522;0.1801019;1.607611;3.027667;
-0.2508389;0.8762518;3.500386;-0.29613;1.068312;3.3655;-0.3422434;1.255257;3.222118;-0.4255838;1.321081;3.182494;-0.4775798;1.210511;3.266172;-0.640423;1.106096;3.230058;-0.8033916;1.049787;3.135223;-0.8659976;1.005574;3.145983;-0.1017254;1.308848;3.263401;0.05917455;1.406433;3.147249;0.1074051;1.54524;3.017454;0.1262242;1.594701;3.005164;-0.3095372;0.8566202;3.45457;-0.2805251;0.5833195;3.582422;-0.314062;0.3500232;3.745721;-0.351621;0.2765692;3.742773;-0.1845942;0.8817351;3.485602;-0.1752324;0.5467805;3.517329;-0.1381257;0.2138748;3.556614;-0.1508113;0.1347543;3.492886;-0.330641;1.209626;3.259777;-0.9360852;0.9726752;3.128715;-0.8629128;1.023016;3.112;0.1464713;1.636641;2.980588;0.1105604;1.590781;3.007091;
-0.2388746;0.8854388;3.483604;-0.1386268;1.126243;3.349908;-0.0453555;1.355278;3.215813;-0.1247545;1.422396;3.176049;-0.1783284;1.322747;3.213374;-0.4138641;1.205306;3.219573;-0.6491228;1.095326;3.177459;-0.7211278;1.0642;3.174368;-0.1080266;1.297221;3.249515;0.03774982;1.427484;3.117907;0.1008992;1.564844;2.993508;0.08423897;1.582805;2.988622;-0.2938336;0.8794861;3.44712;-0.2674624;0.5778697;3.574594;-0.3141191;0.3524795;3.744923;-0.2884165;0.2688662;3.659916;-0.1752334;0.8784845;3.453438;-0.1743032;0.5489008;3.514974;-0.1432014;0.2218281;3.542022;-0.118784;0.1391413;3.456862;-0.06855363;1.299185;3.251038;-0.7817636;1.016905;3.160535;-0.7358419;1.092968;3.13447;0.1061515;1.618316;2.951703;0.07700373;1.608875;2.952875;
-0.199214;0.8014016;3.364794;-0.1300502;1.035886;3.215698;-0.06150311;1.263153;3.057742;-0.09913805;1.332818;2.997457;-0.2503284;1.182966;3.100459;-0.4800534;1.134985;3.174412;-0.7068934;1.005804;3.185007;-0.7588003;0.9842876;3.191048;-0.109451;1.202785;3.096552;-0.005282823;1.346488;2.93152;-0.1423783;1.455477;2.783194;-0.1622179;1.472648;2.77405;-0.2728044;0.7903336;3.342641;-0.2560601;0.5412571;3.490516;-0.2890395;0.3028139;3.646873;-0.295325;0.2156312;3.609019;-0.1220799;0.7982568;3.327269;-0.2000428;0.5092446;3.445675;-0.2100174;0.2106329;3.551337;-0.2178265;0.1245722;3.510542;-0.07856836;1.207514;3.098936;-0.8282258;0.9388655;3.203713;-0.7823963;0.999395;3.146148;-0.1876756;1.501927;2.746139;-0.182521;1.424727;2.759154;
-0.1998328;0.798274;3.359132;-0.1243959;1.030459;3.209644;-0.04370209;1.252754;3.050054;-0.07999408;1.324314;2.989783;-0.2362278;1.191455;3.086328;-0.463158;1.118409;3.139944;-0.6765234;1.01255;3.158496;-0.7527785;0.9883488;3.172108;-0.1275095;1.173338;3.084162;0.03021832;1.308044;2.949259;-0.07604278;1.416189;2.796998;-0.1086006;1.445201;2.766513;-0.2728276;0.7903913;3.342195;-0.265843;0.5348055;3.497653;-0.2766964;0.26168;3.611824;-0.2417151;0.1630552;3.527104;-0.1241014;0.7867094;3.310005;-0.200136;0.5085426;3.444797;-0.2097517;0.2102412;3.550893;-0.2198674;0.1246192;3.509059;-0.0645007;1.198585;3.091651;-0.8223441;0.9491668;3.186052;-0.7806719;1.00172;3.121454;-0.137018;1.479057;2.722529;-0.1484327;1.402092;2.7335;
-0.1906738;0.7910404;3.343343;-0.0920073;1.012877;3.193571;0.008041459;1.227632;3.040323;-0.03289963;1.296939;2.985121;-0.2286701;1.191733;3.076959;-0.4638445;1.118633;3.116499;-0.6907961;1.015714;3.123381;-0.7693061;0.9917344;3.139756;-0.0723376;1.177203;3.073203;0.07641817;1.270869;2.972538;-0.03774891;1.385626;2.797885;-0.0638251;1.425658;2.76083;-0.2602177;0.7811417;3.313796;-0.2836428;0.5290986;3.499252;-0.2751629;0.2602974;3.611427;-0.2412211;0.1611913;3.526971;-0.1190709;0.7844816;3.306862;-0.1999757;0.5050393;3.439577;-0.2092493;0.2097392;3.550712;-0.2203087;0.1241786;3.509458;-0.0157966;1.174542;3.07985;-0.8336014;0.9513479;3.143533;-0.7953731;1.004053;3.093957;-0.09298878;1.46102;2.708438;-0.09288571;1.384687;2.745231;
-0.1873451;0.7859951;3.327497;-0.07481139;1.003263;3.181686;0.04872806;1.208686;3.027255;-0.001504624;1.278851;2.981186;-0.1653545;1.178275;3.051632;-0.4192734;1.144444;3.093063;-0.6593528;1.041106;3.095999;-0.7367488;1.012986;3.102345;-0.06709612;1.175438;3.069686;0.09817705;1.25126;2.98422;0.01305535;1.366511;2.79821;-0.01509776;1.404309;2.752851;-0.2579646;0.781445;3.286555;-0.2914102;0.5207652;3.491644;-0.275821;0.2585102;3.611517;-0.2404734;0.1602566;3.526414;-0.1149919;0.7779859;3.302103;-0.1998693;0.5012227;3.433897;-0.2071731;0.2095149;3.550028;-0.2211451;0.1244154;3.50903;0.01616285;1.159224;3.067732;-0.8001202;0.9704241;3.107413;-0.7796385;1.019138;3.0527;-0.03918386;1.432868;2.684911;-0.05275539;1.398173;2.757182;
-0.1859173;0.7775527;3.318186;-0.09427165;0.9977248;3.17884;-0.02762729;1.212812;3.036492;-0.01446808;1.284847;2.974153;-0.261392;1.151016;3.062445;-0.4865513;1.111777;3.075059;-0.6937882;1.023277;3.061178;-0.7671717;1.00622;3.06448;-0.0112944;1.177836;3.044847;0.1554977;1.257749;2.980679;0.05055445;1.349845;2.794055;0.02794655;1.387967;2.747268;-0.2555009;0.7718745;3.276808;-0.2925942;0.5015811;3.465683;-0.2772808;0.2511421;3.606688;-0.2410833;0.1555707;3.52078;-0.1139184;0.7710505;3.297136;-0.2036355;0.4951014;3.425767;-0.2059497;0.2082202;3.549536;-0.2219245;0.1235481;3.508594;-0.04701445;1.159373;3.073383;-0.829113;0.9736861;3.051863;-0.7776384;1.028329;3.015118;0.004477854;1.420558;2.692271;0.006259029;1.340812;2.730667;
-0.1845715;0.7747335;3.300821;-0.09205237;0.995535;3.174851;-0.001669155;1.204856;3.03511;-0.05739692;1.27569;2.980009;-0.1888874;1.190263;3.024179;-0.4334719;1.097534;3.041233;-0.6613;1.038481;3.016077;-0.7373747;1.020547;3.025442;0.01462544;1.169887;3.043458;0.1902353;1.239506;2.996064;0.0770311;1.333809;2.802842;0.06738976;1.367046;2.748573;-0.2534949;0.7747744;3.26564;-0.2832429;0.4938878;3.419269;-0.2706713;0.2276944;3.579228;-0.2363431;0.1384459;3.513986;-0.1129586;0.7582259;3.273007;-0.2052612;0.4845421;3.415357;-0.2039082;0.2055605;3.547909;-0.222971;0.1215714;3.507369;-0.02688044;1.153516;3.070718;-0.802764;0.9900588;3.017019;-0.7642114;1.034758;2.97;0.04607307;1.397762;2.694775;0.03861619;1.320161;2.7385;
-0.192765;0.7628122;3.301911;-0.08245578;0.9814035;3.176229;0.04738446;1.183093;3.042522;-0.06232649;1.231153;3.013532;-0.09748924;1.087423;3.034484;-0.3577015;1.053482;3.027863;-0.6104328;1.022592;2.961789;-0.6823788;1.016327;2.964431;0.06360582;1.148154;3.050851;0.1905502;1.267767;2.960596;0.1182777;1.309964;2.778526;0.1148844;1.336891;2.749257;-0.2564197;0.7525911;3.262099;-0.3040864;0.4681102;3.375334;-0.2751414;0.1990735;3.564664;-0.2288635;0.130292;3.505271;-0.127952;0.7530453;3.280389;-0.1796284;0.4581238;3.404414;-0.2091725;0.1952334;3.535008;-0.2214009;0.1096942;3.496261;0.01582405;1.131761;3.077757;-0.741031;1.009036;2.932924;-0.6862492;1.045055;2.90047;0.09723517;1.362694;2.693912;0.08316346;1.299085;2.728616;
-0.1955767;0.7465134;3.29841;-0.08319259;0.9748264;3.170944;0.03595673;1.186645;3.030541;-0.0643541;1.233274;3.002882;-0.09747129;1.086902;3.034026;-0.3562806;1.045385;3.00265;-0.6049981;1.014796;2.920807;-0.828997;0.9766399;2.855789;0.06375732;1.148098;3.050852;0.2023306;1.257226;2.964538;0.1227864;1.302243;2.786381;0.125294;1.324391;2.755445;-0.253088;0.74112;3.255516;-0.3037531;0.4622867;3.366288;-0.2818182;0.1947174;3.56069;-0.2286789;0.1298827;3.503676;-0.1364043;0.7358523;3.281574;-0.1747354;0.4524212;3.405313;-0.209172;0.192889;3.531965;-0.2223219;0.107383;3.494704;0.007990317;1.13306;3.06851;-0.8882654;0.9564688;2.825001;-0.8683277;0.9755977;2.827;0.1050675;1.352724;2.702793;0.09747382;1.279348;2.735647;
-0.1952941;0.7380517;3.293524;-0.08238623;0.9684781;3.165845;0.03480058;1.185991;3.028138;-0.06361406;1.231208;3.000905;-0.09401224;1.083941;3.033591;-0.3505726;1.04206;2.981675;-0.5945417;0.9970572;2.891018;-0.822599;0.9527678;2.815323;0.06804625;1.145978;3.051464;0.2323951;1.240814;3.016098;0.1368787;1.290732;2.812452;0.126545;1.31969;2.750384;-0.2505487;0.7333211;3.249362;-0.2990184;0.4556796;3.336637;-0.3026137;0.1914662;3.558398;-0.2297997;0.1291257;3.501524;-0.1374057;0.7283267;3.277989;-0.1724074;0.4460088;3.402898;-0.2091139;0.1901237;3.530082;-0.2229494;0.104646;3.494324;0.006680859;1.131902;3.065247;-0.8797299;0.9375256;2.786919;-0.8306462;0.9659988;2.794643;0.10849;1.34231;2.696804;0.09499411;1.277704;2.725924;
-0.1942705;0.7336798;3.286726;-0.0817995;0.9658814;3.15949;0.03301354;1.186899;3.022482;-0.06169707;1.229838;2.992653;-0.09147319;1.083263;3.032899;-0.3459675;1.035429;2.973965;-0.5856001;0.9860038;2.873378;-0.8034922;0.9336736;2.793132;0.07115031;1.145782;3.051314;0.1983652;1.260652;2.954268;0.1198686;1.299459;2.774012;0.1234466;1.313734;2.752896;-0.2483246;0.7298667;3.241016;-0.3006458;0.445979;3.324445;-0.3413403;0.1822218;3.534697;-0.235105;0.1290273;3.499908;-0.1370985;0.7235305;3.272404;-0.1696334;0.4438572;3.394569;-0.2112997;0.1880933;3.527073;-0.2227145;0.1021158;3.493633;0.005073978;1.132293;3.058932;-0.857498;0.9149097;2.760732;-0.8252401;0.9424714;2.7707;0.1092771;1.339644;2.701394;0.09743187;1.264682;2.728545;
-0.1927999;0.7400469;3.263024;-0.08156167;0.9678074;3.146558;0.03131507;1.187765;3.017076;-0.0589493;1.225889;2.980844;-0.0567285;1.195353;2.99878;-0.2967813;1.089691;2.952816;-0.5329614;1.005974;2.867798;-0.8092195;0.9059592;2.770105;0.071779;1.146257;3.050698;0.1956122;1.262951;2.951238;0.1172226;1.297086;2.769871;0.114889;1.305062;2.748732;-0.248201;0.7411976;3.229743;-0.297212;0.4346736;3.302505;-0.3497976;0.1659336;3.504235;-0.2393032;0.1277342;3.495758;-0.1328933;0.7219293;3.227072;-0.1662923;0.4373601;3.386637;-0.2223731;0.1832471;3.522555;-0.2196971;0.09624587;3.493866;0.003432956;1.1336;3.051608;-0.8705215;0.8996765;2.745225;-0.8181015;0.9194111;2.756944;0.1022405;1.31776;2.677076;0.09131844;1.26497;2.734;
-0.1920676;0.7402066;3.257604;-0.08216764;0.9676597;3.143275;0.02909963;1.187573;3.015966;-0.06006017;1.221421;2.978419;-0.05699642;1.195354;2.99853;-0.2934484;1.083288;2.947114;-0.5227342;0.985214;2.857602;-0.7980635;0.8818828;2.766862;0.07031102;1.146766;3.050466;0.1906577;1.265846;2.949462;0.1133943;1.296629;2.766921;0.1056442;1.305851;2.74554;-0.2472744;0.7430471;3.2244;-0.293826;0.4286496;3.288777;-0.3649647;0.1456657;3.45165;-0.2615933;0.1287578;3.477389;-0.1327866;0.7217461;3.225911;-0.1634886;0.4310959;3.380112;-0.226865;0.1810245;3.518087;-0.2172925;0.09471785;3.496006;0.001632506;1.133495;3.049996;-0.86125;0.8725491;2.737256;-0.8125482;0.8941541;2.755;0.09382885;1.320778;2.678241;0.07280372;1.311371;2.72875;
-0.180106;0.7229487;3.193594;-0.07885544;0.9637766;3.093132;0.02350643;1.19424;2.993791;-0.04413482;1.205953;2.925292;-0.08862461;1.208489;2.939997;-0.2969302;1.047784;2.891841;-0.5091434;0.9019365;2.830735;-0.5776415;0.852859;2.81323;0.06362031;1.140377;3.055591;0.1364488;1.264201;2.916951;0.06656181;1.29315;2.731072;0.05436313;1.296293;2.713544;-0.2264185;0.7257769;3.153407;-0.2630247;0.3731263;3.2289;-0.3087195;0.04967723;3.275925;-0.2712402;-0.03570557;3.195313;-0.1304222;0.7065745;3.173938;-0.1401463;0.403409;3.350738;-0.2114255;0.1565861;3.480023;-0.2212387;0.06395982;3.380113;-0.002492108;1.138481;3.02175;-0.6361116;0.8008639;2.795463;-0.611976;0.8792944;2.781875;0.03661291;1.306205;2.646326;0.0329373;1.25419;2.704846;
-0.1792987;0.7184736;3.18963;-0.07892662;0.9614481;3.09111;0.02176354;1.19331;2.98899;-0.04299142;1.203452;2.917936;-0.09498136;1.17669;2.931375;-0.308151;1.022264;2.885753;-0.5241632;0.8812719;2.827595;-0.5839646;0.826759;2.81253;0.06293694;1.140016;3.05537;0.1379817;1.265048;2.919303;0.06371756;1.287853;2.734183;0.04563275;1.288962;2.711061;-0.2263651;0.7199285;3.148357;-0.2611557;0.3663502;3.221409;-0.2794342;0.0419213;3.234932;-0.2509044;-0.05330225;3.14418;-0.1290412;0.7032687;3.170844;-0.139673;0.4012022;3.349061;-0.2096524;0.1528135;3.476247;-0.1967773;0.05541992;3.429688;-0.003620204;1.136825;3.017089;-0.644826;0.7772593;2.79468;-0.6065146;0.8596392;2.791941;0.01864561;1.290547;2.636593;0.02575532;1.245336;2.699941;
-0.1847381;0.6974357;3.177176;-0.08367226;0.9477846;3.079934;0.0161169;1.186473;2.974626;-0.04233773;1.199846;2.913002;-0.1096141;1.117693;2.905209;-0.3357363;0.9821829;2.86782;-0.5551023;0.8431035;2.821172;-0.6091652;0.7831596;2.823367;0.05799687;1.134369;3.047962;0.1356813;1.262934;2.917407;0.05862413;1.277683;2.732475;0.03617084;1.275669;2.701366;-0.2332703;0.6907918;3.124057;-0.2559275;0.3546721;3.208516;-0.2659839;0.02924119;3.214748;-0.2353197;-0.05841131;3.114552;-0.1330429;0.6890194;3.16666;-0.1870377;0.3561854;3.285229;-0.1948283;0.1484461;3.479562;-0.1902758;0.0531586;3.382361;-0.008862352;1.12808;3.00288;-0.67088;0.733792;2.810719;-0.6327345;0.8132451;2.801618;0.01645451;1.28106;2.627501;0.01542001;1.234157;2.693231;
-0.1860301;0.6874602;3.161796;-0.08585682;0.9374874;3.065416;0.01313664;1.17871;2.961083;-0.04192694;1.191806;2.893877;-0.1100104;1.114813;2.900758;-0.327274;0.9645134;2.866485;-0.5406147;0.8120765;2.842663;-0.5990293;0.7533952;2.839549;0.05041699;1.120268;3.038526;0.1091377;1.25419;2.867283;0.06459121;1.266107;2.756225;0.03224157;1.261439;2.695765;-0.2331235;0.6852142;3.112327;-0.2552259;0.3472472;3.169202;-0.2541713;0.02733076;3.195494;-0.2299301;-0.0648239;3.098908;-0.1356692;0.6764982;3.151483;-0.1921803;0.3511191;3.26262;-0.2021866;0.09336898;3.390154;-0.2007845;0.02333025;3.267604;-0.01154766;1.119604;2.988896;-0.6616685;0.7021399;2.835764;-0.6240054;0.7919357;2.814077;-0.002735349;1.250438;2.620642;0.01589407;1.217408;2.688643;
-0.1867576;0.6812359;3.140094;-0.08782807;0.9295506;3.049392;0.009971774;1.169896;2.948749;-0.04505528;1.181836;2.873557;-0.1122387;1.106449;2.889687;-0.328335;0.9537826;2.86054;-0.5315874;0.7872277;2.847855;-0.5949479;0.7349083;2.854442;0.04592703;1.109984;3.028867;0.1090008;1.247211;2.866577;0.06754719;1.258271;2.759341;0.02994263;1.248381;2.688712;-0.2326167;0.677515;3.081844;-0.2474736;0.32816;3.15655;-0.2406578;0.006703185;3.181088;-0.2212678;-0.08355752;3.08087;-0.13706;0.6717205;3.136856;-0.1925594;0.330847;3.236365;-0.1548232;0.1654137;3.462774;-0.1692776;0.09604761;3.340613;-0.01436017;1.111004;2.975713;-0.6579611;0.6843745;2.857665;-0.6203474;0.7749937;2.826958;0.004324559;1.250885;2.621642;0.00519056;1.20257;2.686;
-0.1717182;0.6533358;3.089004;-0.08703365;0.9005187;2.990054;-0.003509612;1.140188;2.882138;-0.04749499;1.156509;2.816944;-0.08527309;1.131518;2.856583;-0.2935005;0.9667817;2.842442;-0.5005696;0.8056239;2.848509;-0.5481276;0.7486941;2.859721;0.03841301;1.078768;2.981719;0.1050019;1.220608;2.835392;0.05423085;1.217001;2.722981;0.01991801;1.209899;2.664152;-0.2165626;0.6549766;3.044739;-0.2314775;0.3115105;3.117932;-0.2270436;-0.003756333;3.173441;-0.211377;-0.0951419;3.079186;-0.1242104;0.639934;3.074774;-0.1864133;0.3295609;3.170509;-0.1483485;0.1835854;3.409094;-0.1647923;0.1032392;3.296383;-0.02424221;1.081459;2.910832;-0.6083122;0.7022885;2.870692;-0.5757643;0.7922543;2.832579;-0.005014247;1.194994;2.578196;0.002278482;1.173802;2.6605;
-0.1645429;0.6479059;3.07353;-0.08414686;0.8942481;2.975285;-0.004555829;1.132746;2.867206;-0.04771287;1.151654;2.802273;-0.08495278;1.12505;2.847054;-0.2918269;0.9585688;2.836135;-0.48919;0.7934108;2.880355;-0.5230575;0.7360794;2.865679;0.04034093;1.070799;2.966993;0.09690402;1.211177;2.781368;0.06190316;1.210877;2.717704;0.01623355;1.199587;2.651242;-0.2094777;0.6485069;3.02982;-0.2323405;0.310487;3.098125;-0.2057678;-0.009737701;3.171515;-0.2057931;-0.08803765;3.107615;-0.1161701;0.6347079;3.056684;-0.1829838;0.332727;3.152769;-0.1352661;0.1695164;3.379005;-0.1583158;0.08510076;3.272234;-0.02430243;1.074351;2.896024;-0.54468;0.7103757;2.870368;-0.5684265;0.7756822;2.835445;-0.01314047;1.187997;2.575204;0.003498998;1.154629;2.648375;
-0.1861707;0.6373715;3.041032;-0.09519584;0.8801209;2.947865;-0.007328874;1.115252;2.843631;-0.05470458;1.141004;2.783138;-0.08526324;1.104845;2.823629;-0.2951193;0.9426788;2.821644;-0.4901172;0.7750987;2.86704;-0.5390378;0.7220125;2.873776;0.04085781;1.05184;2.943649;0.09599565;1.198144;2.781415;0.06131384;1.197318;2.714306;0.011311;1.186942;2.639662;-0.2335067;0.6399558;2.992022;-0.2139489;0.3395975;3.061077;-0.2069777;-0.002874066;3.170415;-0.1975524;-0.08293699;3.111651;-0.1352963;0.6225202;3.029514;-0.1703107;0.3451998;3.12649;-0.1396442;0.1798998;3.354086;-0.1619794;0.09229415;3.250596;-0.02903521;1.057713;2.871592;-0.5962272;0.6733561;2.89023;-0.5762157;0.7673188;2.842278;-0.01233741;1.183261;2.566316;-0.004497006;1.144774;2.632;
-0.1907666;0.6333447;3.02534;-0.09933694;0.8704252;2.927708;-0.009227026;1.099041;2.820566;-0.05301102;1.125374;2.754482;-0.1234468;1.075822;2.772347;-0.3383617;0.9214207;2.775709;-0.5226185;0.7629771;2.865698;-0.563813;0.704085;2.885332;0.03832337;1.035149;2.92098;0.09834553;1.195233;2.761521;-0.01324603;1.165404;2.578642;-0.02604329;1.162326;2.567089;-0.2401959;0.6344298;2.967826;-0.2130312;0.331444;3.046369;-0.208415;-0.003987913;3.167309;-0.1966663;-0.08492246;3.111888;-0.1380017;0.6197009;3.020847;-0.1526983;0.3514032;3.119807;-0.1807808;0.09896429;3.254573;-0.1929577;0.002218753;3.161479;-0.0316233;1.043152;2.849093;-0.6239519;0.6640598;2.906725;-0.5892717;0.7492259;2.856062;-0.04045524;1.150652;2.542239;-0.03245406;1.145629;2.562;
-0.1922701;0.6207517;2.995946;-0.1005939;0.8607904;2.906579;-0.01018935;1.092752;2.80704;-0.05225106;1.118898;2.740821;-0.1230144;1.074965;2.771162;-0.3375392;0.9195203;2.769629;-0.5175332;0.758648;2.863553;-0.5626702;0.7018642;2.881902;0.03672524;1.030372;2.905595;0.09807466;1.18092;2.725871;-0.01655843;1.148026;2.564265;-0.03190494;1.144819;2.555747;-0.2423842;0.6232687;2.943669;-0.2123565;0.3161255;3.022039;-0.2109014;-0.008264382;3.159456;-0.1931983;-0.09034368;3.112037;-0.1382036;0.606298;2.988713;-0.1343847;0.3452094;3.104789;-0.2030406;0.07319165;3.178435;-0.1999453;-0.0408183;3.125618;-0.03264166;1.036029;2.833788;-0.6232502;0.665055;2.906385;-0.5863714;0.7428496;2.849778;-0.03992604;1.130715;2.508248;-0.04422912;1.117652;2.5632;
-0.2010643;0.60951;2.977046;-0.1064971;0.8431244;2.879174;-0.01184876;1.068021;2.770712;-0.05593929;1.098448;2.708419;-0.1211975;1.052551;2.742141;-0.3334359;0.8946686;2.748225;-0.4923665;0.7170768;2.849697;-0.5503269;0.6736011;2.887982;0.04587931;1.024029;2.843092;0.102687;1.164012;2.713608;-0.02029749;1.144375;2.556473;-0.03062848;1.136538;2.544833;-0.2563698;0.6106244;2.923466;-0.2073864;0.2933732;3.00599;-0.2129528;-0.01147684;3.152019;-0.1894814;-0.09349944;3.112239;-0.1425736;0.5956514;2.969791;-0.1162882;0.3318061;3.08048;-0.1961287;0.06697155;3.166028;-0.1988806;-0.04828624;3.121696;-0.03547499;1.01304;2.799623;-0.6075021;0.6275724;2.933777;-0.5913888;0.7213885;2.858643;-0.05000213;1.119852;2.504263;-0.03982979;1.108762;2.551667;
-0.2035931;0.5998812;2.95785;-0.105804;0.8299306;2.864395;-0.009040908;1.052106;2.760652;-0.05666077;1.087808;2.700696;-0.1186916;1.052854;2.734862;-0.3344653;0.8997227;2.738886;-0.4892467;0.7216657;2.845425;-0.5481782;0.6756275;2.87747;0.04746514;1.007321;2.827249;0.1063669;1.138966;2.688993;-0.0165801;1.130086;2.530998;-0.0276621;1.124731;2.514728;-0.2588652;0.6051967;2.913756;-0.2041749;0.2864185;3.003051;-0.2131924;-0.01338255;3.147366;-0.1886928;-0.09544891;3.110951;-0.1437925;0.5813687;2.938959;-0.1017356;0.3067608;3.064943;-0.1380484;0.06677731;3.217368;-0.1828372;-0.02645011;3.13575;-0.03310945;0.9978086;2.788421;-0.6131364;0.6304747;2.920435;-0.5881616;0.7237353;2.847231;-0.04629797;1.107296;2.486272;-0.03342735;1.110902;2.530334;
-0.1810384;0.5828522;2.936565;-0.09379767;0.8161975;2.846853;-0.00512034;1.041555;2.747126;-0.05233316;1.077285;2.685251;-0.1197751;1.048895;2.707626;-0.3303807;0.8895913;2.719953;-0.5052321;0.7375638;2.833695;-0.5530685;0.6854855;2.865019;0.04548364;0.9975798;2.817007;0.1675785;1.116684;2.717514;0.02294913;1.098177;2.555364;0.01498867;1.106704;2.534853;-0.2281011;0.5784603;2.884638;-0.2031221;0.2784142;2.999612;-0.2134653;-0.0153664;3.143091;-0.1881963;-0.09744381;3.111646;-0.1297945;0.5734012;2.926991;-0.09103133;0.2529335;3.051528;-0.1685185;0.0126117;3.188117;-0.1963137;-0.05806519;3.117366;-0.02738078;0.9864689;2.77391;-0.615979;0.6435995;2.893999;-0.5790709;0.7292768;2.830905;-0.01584998;1.098939;2.457517;-0.01282528;1.067849;2.521833;
-0.1756852;0.5393555;2.890621;-0.06955526;0.7793436;2.789846;0.03488105;1.011794;2.679896;-0.03997041;1.041883;2.633879;-0.3743326;0.8910555;2.673167;-0.5079296;0.7167392;2.805951;-0.6460776;0.6286111;2.898036;-0.7035293;0.6000728;2.945315;0.1023324;0.9650099;2.765105;0.1658841;1.079983;2.612886;0.02880763;1.101692;2.469512;-0.01670566;1.110219;2.424817;-0.2366316;0.5266176;2.8499;-0.2490531;0.2345776;2.973296;-0.2262117;-0.0230356;3.127915;-0.1885012;-0.09997891;3.107201;-0.1110788;0.5408289;2.870975;-0.09738787;0.2422941;2.940198;-0.1428505;0.0004930128;3.121757;-0.1884197;-0.06315257;3.124183;0.008999539;0.954867;2.709119;-0.7489261;0.5520757;3.003493;-0.7371451;0.5723264;2.93775;-0.04745171;1.102322;2.347537;-0.04428748;1.071043;2.411941;
-0.1730214;0.5413786;2.884298;-0.06472965;0.7802911;2.780741;0.04255268;1.011145;2.667185;-0.03929659;1.040982;2.630479;-0.02738146;0.944676;2.673274;-0.2558345;0.8311881;2.729455;-0.4771228;0.7208816;2.806479;-0.5332576;0.6917533;2.797827;0.1153427;0.9647657;2.746806;0.1569379;1.087168;2.592843;0.1494575;1.08552;2.491478;0.1400546;1.089127;2.423909;-0.2273645;0.5334539;2.840896;-0.2512537;0.2341624;2.96999;-0.2233551;-0.02868449;3.123123;-0.1566205;-0.07925917;3.116538;-0.1121988;0.5400823;2.865202;-0.09813318;0.2391437;2.922745;-0.09692642;-0.009797394;3.164743;-0.1476251;-0.07777616;3.136863;0.01589816;0.9546751;2.697385;-0.5933116;0.6435152;2.841748;-0.5641512;0.7388436;2.752687;0.1375825;1.090208;2.346042;0.1140324;1.055915;2.413364;
-0.1777624;0.5324553;2.865917;-0.06932005;0.7698708;2.762911;0.03772487;0.9997739;2.65074;-0.03695434;1.043359;2.608704;-0.0327584;0.9221887;2.676035;-0.2678168;0.818269;2.723821;-0.4982593;0.7226023;2.793322;-0.5479318;0.6913941;2.787596;0.1143694;0.9425708;2.743459;0.1625394;1.074964;2.6013;0.1661186;1.07686;2.471156;0.1704972;1.081291;2.39516;-0.2303265;0.5287666;2.830216;-0.2536188;0.2327678;2.964178;-0.2145551;-0.03685108;3.115037;-0.1442784;-0.08584622;3.099736;-0.121227;0.5241137;2.83886;-0.09788442;0.2320936;2.884977;-0.1345975;-0.03743954;3.110039;-0.1031458;-0.1098542;3.113197;0.01116508;0.9434814;2.68052;-0.60765;0.6490344;2.852237;-0.5794075;0.7369012;2.748167;0.176484;1.080501;2.300406;0.1392919;1.04885;2.3729;
-0.1929884;0.5014806;2.784311;-0.1911958;0.7261783;2.670993;-0.1886328;0.9435372;2.548595;-0.2192628;1.016226;2.479833;-0.3789422;0.8834539;2.6047;-0.5592088;0.7332893;2.710803;-0.7408181;0.6968647;2.751163;-0.8043768;0.6762038;2.773462;-0.01389131;0.9267696;2.591182;0.1780478;0.951498;2.570791;0.2281296;1.047174;2.403539;0.2744995;1.049432;2.324503;-0.256571;0.4906392;2.752383;-0.2623535;0.2009727;2.922519;-0.2239788;-0.05597531;3.098454;-0.2068035;-0.1390463;3.077832;-0.1252169;0.5014431;2.755837;-0.116457;0.1646867;2.813294;-0.07091866;-0.1295036;2.916669;-0.0635376;-0.2075195;2.837891;-0.1894148;0.8903632;2.580927;-0.8788207;0.6514495;2.829739;-0.8131289;0.6729157;2.740187;0.3082942;1.05706;2.255706;0.2437582;1.026718;2.294363;
-0.1935146;0.4992793;2.782193;-0.1914137;0.7255172;2.669351;-0.1886677;0.9438561;2.547011;-0.2156017;1.013444;2.474307;-0.3781502;0.8823555;2.599636;-0.5599715;0.7332647;2.704754;-0.7444977;0.7004546;2.736032;-0.7931206;0.689913;2.737528;-0.01397923;0.9258022;2.589718;0.178188;0.9453552;2.55988;0.2542964;1.02596;2.394382;0.2917668;1.03496;2.316806;-0.2566127;0.4882355;2.749597;-0.2130091;0.1788484;2.895241;-0.2243793;-0.05664927;3.096998;-0.2712809;-0.1114207;3.109966;-0.1261608;0.4993992;2.754244;-0.1185787;0.1563418;2.805874;-0.0823406;-0.1595002;2.86977;-0.07611084;-0.2393799;2.78125;-0.1894909;0.8904461;2.579378;-0.8740408;0.6639631;2.778208;-0.8224629;0.6817156;2.7144;0.3241139;1.044779;2.248611;0.2537903;1.02079;2.298267;
-0.187626;0.4888466;2.768816;-0.1882212;0.7173585;2.6516;-0.1883315;0.9382936;2.523781;-0.213255;1.007999;2.463491;-0.37783;0.878449;2.587297;-0.5616416;0.7307189;2.691068;-0.7492901;0.7046096;2.711124;-0.7995512;0.6919394;2.712939;-0.009659516;0.9123319;2.572494;0.1834108;0.9336741;2.542499;0.2878499;1.006924;2.353415;0.3164622;1.020045;2.284948;-0.2513467;0.4788091;2.739937;-0.2059551;0.1562816;2.875378;-0.2330867;-0.1178188;3.146212;-0.2313475;-0.1961353;3.054677;-0.1197646;0.4881663;2.736597;-0.1200682;0.1392234;2.789528;-0.08742775;-0.1690393;2.834598;-0.09991455;-0.2546387;2.738281;-0.1884014;0.8842086;2.557621;-0.8775583;0.6671307;2.750103;-0.8295104;0.6847782;2.6905;0.3604076;1.030977;2.22804;0.2914667;1.000923;2.256741;
-0.189623;0.4819611;2.755291;-0.1884788;0.7111883;2.63694;-0.1866708;0.9331034;2.50933;-0.2067169;0.9975739;2.448984;-0.3733124;0.8709196;2.568181;-0.5591655;0.728357;2.674891;-0.7485219;0.6972647;2.669942;-0.8163332;0.6815406;2.686693;-0.008824788;0.8996018;2.555442;0.1884935;0.9189471;2.528059;0.281076;0.990428;2.363923;0.3229065;1.000915;2.27689;-0.252171;0.4710037;2.723296;-0.2024403;0.1546849;2.853467;-0.235921;-0.08800815;3.094337;-0.2817217;-0.1312691;3.119663;-0.1226167;0.4823445;2.726325;-0.1209298;0.1464469;2.769253;-0.1078193;-0.176578;2.796066;-0.1118618;-0.2595099;2.687737;-0.1872356;0.878782;2.542986;-0.8935425;0.6664803;2.721205;-0.8274313;0.6865493;2.664214;0.3700333;1.009658;2.213864;0.2917155;0.982229;2.25412;
-0.1873081;0.4719229;2.739281;-0.1868815;0.704704;2.625072;-0.1856014;0.9293284;2.501043;-0.2010814;0.9893414;2.435187;-0.3711441;0.8679729;2.560131;-0.5596838;0.7267349;2.664236;-0.7489684;0.6965312;2.66465;-0.8148946;0.6751742;2.661427;-0.006172203;0.8880116;2.540062;0.1926939;0.9069146;2.521901;0.2839915;0.9791636;2.359046;0.3282;0.9824821;2.264078;-0.2504581;0.4613734;2.710157;-0.1844565;0.1549905;2.817389;-0.2284547;-0.03658605;3.024035;-0.2294069;-0.1152963;2.932086;-0.1198796;0.472219;2.707678;-0.1227251;0.144279;2.761962;-0.1162701;-0.186217;2.777292;-0.1169141;-0.261415;2.677132;-0.1860585;0.8744112;2.533854;-0.8930255;0.6610262;2.692993;-0.8217034;0.6493418;2.636143;0.3733538;0.9903798;2.206852;0.3089044;0.9543998;2.235625;
-0.1829858;0.4317515;2.682132;-0.1680826;0.6624785;2.562406;-0.1527146;0.88567;2.433477;-0.1697833;0.9572254;2.369741;-0.3407518;0.8359844;2.487587;-0.5375338;0.7178984;2.60209;-0.7262099;0.6815193;2.590516;-0.7930279;0.6606741;2.589443;0.02027577;0.8386035;2.484015;0.2090458;0.8798214;2.464538;0.3258509;0.9298072;2.277019;0.3502545;0.9323137;2.233875;-0.2451558;0.425567;2.654213;-0.181071;0.1409431;2.76833;-0.2380278;-0.06032545;3.025416;-0.2365718;-0.1392629;2.933946;-0.1166737;0.4281835;2.649466;-0.1331739;0.1059817;2.72542;-0.1415585;-0.2178297;2.736879;-0.1377226;-0.3017482;2.63002;-0.1566507;0.8310652;2.467449;-0.8697499;0.6452445;2.605782;-0.7986284;0.6281562;2.567636;0.3973974;0.939302;2.180462;0.3274316;0.9115705;2.208667;
-0.1839136;0.4288262;2.677935;-0.1679171;0.6604733;2.559708;-0.1518264;0.8842806;2.431788;-0.1630396;0.9526349;2.360633;-0.3395864;0.8319777;2.483636;-0.5387867;0.7140451;2.594629;-0.727774;0.6793278;2.582479;-0.7921468;0.6564316;2.572856;0.02141534;0.8374285;2.482601;0.2246742;0.8364724;2.467662;0.3275343;0.9180825;2.286732;0.3559053;0.9175619;2.229305;-0.2459674;0.422099;2.649202;-0.1913087;0.1325381;2.778428;-0.2516678;-0.0823483;3.044618;-0.2492168;-0.160998;2.953013;-0.1176631;0.4257942;2.645996;-0.133843;0.1057408;2.724541;-0.1418153;-0.2179481;2.737035;-0.1378033;-0.3017728;2.630029;-0.1559219;0.8295503;2.465551;-0.8619346;0.6436324;2.582379;-0.801765;0.6241805;2.554;0.3952603;0.9218609;2.161842;0.3270941;0.8991414;2.2056;
-0.1631326;0.3909687;2.609985;-0.1454015;0.6242537;2.489298;-0.1273448;0.8498788;2.359335;-0.1250973;0.9274266;2.299531;-0.3088987;0.7997072;2.409559;-0.5195264;0.6956545;2.513665;-0.7105704;0.6766421;2.502824;-0.7662775;0.6643471;2.512327;0.05271912;0.7942973;2.419674;0.2464632;0.8114944;2.408601;0.368614;0.876655;2.250409;0.3969288;0.8885021;2.190007;-0.2250444;0.3856854;2.582258;-0.2275135;0.09784196;2.768308;-0.2429992;-0.0952589;2.974873;-0.2390012;-0.1739192;2.883446;-0.09741689;0.3871575;2.576999;-0.1301941;0.0698027;2.693034;-0.1379168;-0.2370362;2.731991;-0.1353262;-0.3229455;2.627561;-0.1319296;0.7946821;2.39357;-0.8420101;0.6560376;2.535029;-0.7760515;0.6326919;2.4965;0.4265884;0.8955457;2.130393;0.3574569;0.8662226;2.1592;
-0.1622196;0.3870182;2.60218;-0.1443925;0.622244;2.485298;-0.1264772;0.8491129;2.357813;-0.1210843;0.9239908;2.291385;-0.3057002;0.7979077;2.403794;-0.5195252;0.6950985;2.503253;-0.7107452;0.6780528;2.493668;-0.75803;0.6727064;2.492958;0.05659561;0.7907149;2.413356;0.2506555;0.8075812;2.402266;0.3669537;0.8708467;2.253855;0.4071305;0.8787242;2.181798;-0.2240833;0.3822537;2.573536;-0.230698;0.08441444;2.745553;-0.1669981;-0.1662688;2.870881;-0.2014467;-0.2744988;2.840197;-0.0965533;0.3827584;2.569996;-0.1318069;0.06784433;2.690806;-0.1388559;-0.2411704;2.730529;-0.1349733;-0.3274674;2.626626;-0.1310091;0.7936684;2.391551;-0.8342159;0.6641683;2.526216;-0.7796613;0.6387333;2.475176;0.4447285;0.8872628;2.121384;0.3683248;0.8626528;2.160314;
-0.1599567;0.3793016;2.583142;-0.1394958;0.6134068;2.462521;-0.1186496;0.839844;2.33273;-0.1121305;0.9196045;2.275493;-0.2999363;0.7911633;2.384766;-0.5155291;0.6925772;2.484576;-0.7072016;0.6888053;2.467731;-0.7784196;0.6770077;2.47876;0.06458285;0.7829772;2.396208;0.2583858;0.7994701;2.38624;0.3776947;0.8664437;2.242202;0.4205691;0.8688992;2.166472;-0.2222512;0.3769038;2.553413;-0.2400075;0.07094993;2.71623;-0.2473283;-0.1234783;2.92201;-0.2102444;-0.1989782;2.812694;-0.09386414;0.3726948;2.551862;-0.1383714;0.06975097;2.679523;-0.1375341;-0.2429888;2.728784;-0.1332977;-0.3305572;2.626476;-0.1239227;0.7844428;2.366896;-0.8553517;0.6752868;2.516193;-0.7906088;0.6444873;2.460333;0.4593259;0.877144;2.106676;0.3822503;0.8536509;2.1447;
-0.155372;0.3725339;2.563512;-0.1345943;0.6068209;2.447134;-0.1136153;0.8333946;2.320823;-0.1064222;0.9164795;2.26969;-0.2942087;0.7877133;2.369977;-0.5173041;0.6914484;2.456779;-0.7088305;0.6955324;2.453921;-0.7581751;0.692318;2.452363;0.06925514;0.7765234;2.383376;0.2673873;0.7935362;2.366471;0.3935106;0.8552266;2.22607;0.4370465;0.8599849;2.153975;-0.2175923;0.3730154;2.530765;-0.255139;0.06788281;2.675566;-0.206879;-0.1500383;2.852668;-0.1717538;-0.222907;2.740514;-0.08938448;0.3633321;2.534898;-0.1160659;0.06587781;2.666166;-0.1372028;-0.2436438;2.728303;-0.1334738;-0.3333791;2.628786;-0.1189144;0.7779705;2.354201;-0.8408232;0.6926738;2.482697;-0.7745823;0.6608356;2.439273;0.478074;0.8687642;2.09571;0.3974605;0.8441553;2.12764;
-0.1493493;0.3658414;2.549176;-0.131446;0.6028058;2.437809;-0.112503;0.8313881;2.315776;-0.09851453;0.9124861;2.250303;-0.2936131;0.7841111;2.360567;-0.5209602;0.692741;2.44215;-0.7123449;0.7022746;2.43391;-0.7601166;0.6998869;2.431859;0.07357745;0.771273;2.373426;0.2732513;0.7877375;2.358681;0.4027089;0.8439988;2.218975;0.4488452;0.8504776;2.145529;-0.2121029;0.3677886;2.517616;-0.2581372;0.06097323;2.655892;-0.1974024;-0.2301589;2.815945;-0.1608661;-0.3098985;2.712207;-0.08306666;0.3552067;2.519869;-0.1101229;0.06010107;2.663203;-0.1367374;-0.2478323;2.726776;-0.1333965;-0.3361855;2.631107;-0.1173753;0.775525;2.348176;-0.8418368;0.6986477;2.466404;-0.789588;0.6718281;2.418647;0.4881875;0.8566887;2.08221;0.4110224;0.8385355;2.120032;
-0.1421466;0.3586646;2.532707;-0.1249383;0.5954521;2.418618;-0.1075688;0.8245273;2.295473;-0.09446599;0.9099838;2.241191;-0.289709;0.7766386;2.344038;-0.5213249;0.6933844;2.422426;-0.7128659;0.7002717;2.409069;-0.7594293;0.7060496;2.405223;0.07828803;0.7639861;2.359796;0.2839814;0.7769374;2.337239;0.4162459;0.8389127;2.203145;0.4606374;0.8408819;2.133307;-0.204525;0.3613868;2.500571;-0.2623041;0.05655777;2.604199;-0.2009856;-0.2657465;2.812875;-0.1607666;-0.3320313;2.708984;-0.07634991;0.3473525;2.503972;-0.1060487;0.04826093;2.658032;-0.1356952;-0.2493741;2.725103;-0.1337699;-0.3391186;2.630067;-0.1119667;0.7684759;2.327963;-0.839922;0.708048;2.442088;-0.8086234;0.6744406;2.39525;0.5011623;0.8453854;2.072116;0.4172669;0.8258395;2.107408;
-0.1361267;0.3544567;2.521526;-0.1213731;0.5915996;2.408862;-0.1059722;0.8208247;2.286619;-0.09136575;0.9067643;2.23501;-0.2875602;0.7729318;2.333302;-0.5197463;0.6914241;2.411829;-0.7099202;0.7075157;2.384855;-0.7607981;0.7101085;2.378567;0.0814197;0.7590129;2.348756;0.2867894;0.7738279;2.329087;0.4224282;0.8319784;2.196688;0.4685293;0.8318353;2.124863;-0.1980328;0.3573385;2.488926;-0.2595828;0.05796031;2.567145;-0.1944645;-0.2217339;2.785679;-0.170713;-0.2974351;2.693416;-0.07091815;0.3430464;2.493263;-0.09433813;0.04885723;2.646295;-0.1333843;-0.248567;2.72468;-0.1323805;-0.3339542;2.638158;-0.1099113;0.7647583;2.318944;-0.8381155;0.7151944;2.395716;-0.7991066;0.6804562;2.359875;0.5111597;0.8359758;2.064932;0.4333532;0.8170257;2.086882;
-0.1316546;0.3504747;2.509267;-0.1169933;0.5890001;2.399415;-0.1019959;0.8193612;2.279777;-0.08632636;0.9024957;2.217875;-0.2858868;0.7704716;2.32527;-0.518083;0.6889945;2.403904;-0.7074413;0.7075155;2.37126;-0.7261818;0.7145659;2.355997;0.08528624;0.7533092;2.336818;0.2890121;0.7685855;2.320913;0.4263707;0.8252894;2.189694;0.4760823;0.8228101;2.117448;-0.1932205;0.3541822;2.475693;-0.2525568;0.06033161;2.526044;-0.2101105;-0.2202477;2.788769;-0.1754487;-0.309858;2.696461;-0.06685228;0.3383096;2.48189;-0.09183347;0.044384;2.639494;-0.132246;-0.248666;2.724135;-0.1322763;-0.3322751;2.640694;-0.1058111;0.7630346;2.311478;-0.796633;0.7033352;2.351914;-0.6955268;0.686645;2.373091;0.5185264;0.826013;2.050883;0.4306156;0.8112572;2.085074;
-0.1283045;0.346189;2.496749;-0.1131133;0.5850623;2.386682;-0.0977238;0.8159302;2.267295;-0.08472749;0.8990272;2.20919;-0.2852251;0.7690673;2.319136;-0.5175713;0.6864626;2.396585;-0.7064709;0.705802;2.360883;-0.730702;0.7112292;2.342464;0.08627224;0.7478313;2.327081;0.292526;0.7623389;2.306853;0.4337723;0.8177164;2.179476;0.4826818;0.8136826;2.110483;-0.1898755;0.3508442;2.464847;-0.2473933;0.05446877;2.50958;-0.2276792;-0.2261584;2.774692;-0.1883882;-0.3092541;2.676023;-0.06362553;0.3330275;2.467644;-0.0888064;0.03606685;2.629444;-0.1322653;-0.2520902;2.721582;-0.1324233;-0.332756;2.641139;-0.1016191;0.7594626;2.298884;-0.8009417;0.701957;2.34584;-0.695543;0.6866879;2.356083;0.5232753;0.8169028;2.040893;0.4367482;0.801726;2.076667;
-0.1233967;0.3433538;2.485456;-0.1098468;0.5829075;2.37872;-0.09575717;0.8143625;2.262076;-0.0814592;0.8953258;2.199329;-0.2840429;0.767367;2.313056;-0.516116;0.6840015;2.387551;-0.7039231;0.7064468;2.346927;-0.736104;0.7087986;2.328223;0.08787342;0.7470707;2.324674;0.2963428;0.7519451;2.298;0.4374689;0.8072507;2.170405;0.4902206;0.8038202;2.100647;-0.1849848;0.3482274;2.454207;-0.2347786;0.04702726;2.474718;-0.2372451;-0.2357422;2.738286;-0.228914;-0.3174497;2.694556;-0.05882471;0.3300456;2.455798;-0.08823074;0.02737284;2.616604;-0.1304405;-0.2547809;2.719286;-0.1323597;-0.3326624;2.641114;-0.09935892;0.7577557;2.293034;-0.8124178;0.7081683;2.340314;-0.7793937;0.6798547;2.308474;0.5294824;0.8050643;2.030159;0.4425321;0.7964013;2.071842;
-0.117104;0.3348822;2.455635;-0.1032104;0.5725243;2.350729;-0.08912088;0.8023239;2.236554;-0.07670945;0.8837781;2.176549;-0.2799895;0.7573736;2.292262;-0.5040311;0.67645;2.354432;-0.6865892;0.7115692;2.298429;-0.7341897;0.7151768;2.288209;0.08794363;0.7337117;2.287803;0.300098;0.7337517;2.281238;0.446401;0.7822399;2.156817;0.5043066;0.7785667;2.088686;-0.1797549;0.3374263;2.425904;-0.217924;0.02029075;2.430423;-0.247766;-0.266654;2.656664;-0.2436598;-0.3476458;2.610336;-0.05147367;0.3240589;2.424215;-0.08958869;0.01933228;2.567302;-0.127242;-0.2604972;2.714591;-0.1361076;-0.3329468;2.645372;-0.09269013;0.7461026;2.26684;-0.8074195;0.72149;2.29417;-0.7458877;0.6980799;2.260261;0.5486785;0.7807347;2.025101;0.4597483;0.7693994;2.051939;
-0.1140931;0.3307591;2.445811;-0.1040817;0.5654675;2.339963;-0.09496523;0.7907483;2.223458;-0.07675517;0.8806372;2.170336;-0.2788227;0.7530569;2.285131;-0.49615;0.6735243;2.344467;-0.6784436;0.711886;2.290097;-0.7246889;0.7194095;2.26571;0.08738299;0.7319404;2.283245;0.3002293;0.7253295;2.276312;0.4474446;0.7701782;2.151491;0.5064887;0.7639528;2.083553;-0.17727;0.3327331;2.416549;-0.2149255;0.01563301;2.425083;-0.2420151;-0.2795522;2.605861;-0.2425797;-0.3606109;2.56129;-0.04803497;0.3205961;2.414073;-0.08940461;0.01901376;2.56535;-0.1271983;-0.2655931;2.707616;-0.1376559;-0.3397436;2.642473;-0.0971272;0.7358322;2.254432;-0.7988585;0.7261211;2.269655;-0.7516555;0.7064511;2.23665;0.5550286;0.7636288;2.025621;0.4667965;0.7566447;2.0486;
-0.1086078;0.3219195;2.424773;-0.103152;0.5575768;2.319295;-0.09743163;0.7847958;2.204398;-0.07558919;0.8704833;2.141523;-0.2753941;0.7433081;2.265169;-0.4927557;0.6719399;2.319695;-0.6614799;0.7242181;2.236028;-0.6608148;0.7255601;2.234633;0.08943856;0.7280377;2.260478;0.3099484;0.7050987;2.248164;0.4625717;0.7332757;2.124766;0.5278368;0.7334885;2.064625;-0.1721433;0.321525;2.394667;-0.2065747;-0.02358725;2.383554;-0.2371779;-0.3327902;2.504203;-0.2269287;-0.4123535;2.439453;-0.0423322;0.3140682;2.393821;-0.08601207;0.01610188;2.560349;-0.134194;-0.2859442;2.665986;-0.1360935;-0.3678759;2.62755;-0.0989071;0.7292947;2.234865;-0.7287134;0.72888;2.208332;-0.634266;0.6720161;2.255167;0.5774786;0.7304366;2.016208;0.479501;0.7242147;2.031355;
-0.106822;0.3185602;2.416415;-0.1038058;0.5532066;2.310978;-0.1006395;0.7793052;2.195692;-0.07447471;0.8663612;2.134221;-0.2738452;0.7402469;2.256867;-0.484721;0.668048;2.30428;-0.654238;0.7229401;2.224474;-0.6957659;0.7296703;2.205329;0.0895914;0.7246576;2.251553;0.3088924;0.6998924;2.244797;0.4628008;0.7294835;2.123533;0.527775;0.7185141;2.059054;-0.1707826;0.3178129;2.388093;-0.2022184;-0.02645279;2.382288;-0.2254877;-0.3328473;2.4688;-0.2164697;-0.4273289;2.395715;-0.04009536;0.3113003;2.383472;-0.08203598;0.01338703;2.552407;-0.1341853;-0.2859586;2.665753;-0.1324817;-0.3639892;2.60886;-0.1014588;0.7240852;2.226289;-0.7681954;0.7331229;2.197624;-0.7373523;0.7195273;2.219;0.5780168;0.7115644;2.008054;0.4808067;0.7097588;2.025737;
-0.1062331;0.3128808;2.406949;-0.1004049;0.5480639;2.299755;-0.09376857;0.7749993;2.182491;-0.07404556;0.8625746;2.121967;-0.2721727;0.7345001;2.243268;-0.4827811;0.6666819;2.290489;-0.6506379;0.7259604;2.210414;-0.6912072;0.7300915;2.185741;0.09076834;0.7175717;2.239134;0.3089593;0.6923355;2.237183;0.4640513;0.7189288;2.116746;0.5259566;0.7056771;2.050872;-0.1701858;0.3127294;2.378072;-0.1926108;-0.03165793;2.374975;-0.2076065;-0.353006;2.428831;-0.2083297;-0.4452537;2.335305;-0.03955173;0.3051797;2.374755;-0.07568709;0.009625237;2.548081;-0.1176835;-0.2601637;2.677396;-0.1068805;-0.342156;2.641533;-0.0955463;0.7195348;2.213623;-0.7580898;0.7347326;2.169324;-0.7295588;0.7200732;2.204625;0.5770158;0.697939;1.99714;0.4763398;0.6977136;2.021944;
-0.1033442;0.3076082;2.397516;-0.09055414;0.5370149;2.279644;-0.07411015;0.7565731;2.148678;-0.07491537;0.8559012;2.111001;-0.2713834;0.7307391;2.232012;-0.4973316;0.6669151;2.266767;-0.6622325;0.7329529;2.186092;-0.6744052;0.7287833;2.169976;0.09113257;0.7124104;2.229555;0.3089765;0.6859024;2.230323;0.464478;0.707381;2.109229;0.5283517;0.6916865;2.041244;-0.167133;0.3077918;2.368943;-0.1855403;-0.04096784;2.353836;-0.1966417;-0.3594155;2.400495;-0.1928865;-0.4499664;2.304606;-0.03691762;0.2996479;2.365084;-0.07075129;-0.002414468;2.539231;-0.1128323;-0.2531239;2.671546;-0.09534891;-0.3341979;2.647254;-0.07854404;0.7030787;2.183464;-0.7399076;0.7316864;2.149548;-0.7379956;0.7233761;2.185;0.5793751;0.6849847;1.99036;0.4800562;0.6825125;2.009258;
-0.1027462;0.2714626;2.340879;-0.1024312;0.5050721;2.228972;-0.1015713;0.7306641;2.107589;-0.0727424;0.8231066;2.047181;-0.2712094;0.6848723;2.161706;-0.4807858;0.625714;2.196182;-0.6439953;0.7035617;2.124241;-0.7131712;0.722324;2.110579;0.09476501;0.6858944;2.17175;0.2688484;0.6198106;2.223997;0.4664012;0.6617357;2.048915;0.5143073;0.6589496;1.996371;-0.1660452;0.2707261;2.307968;-0.1424558;-0.09165856;2.324998;-0.1391092;-0.3961829;2.304884;-0.144386;-0.4699153;2.190708;-0.03676643;0.2651196;2.312742;-0.04622935;-0.02932243;2.498942;-0.08109006;-0.3070807;2.71337;-0.09560636;-0.3425868;2.57551;-0.1018828;0.6755168;2.13969;-0.7795541;0.7479176;2.093791;-0.7305176;0.7094036;2.145667;0.5642942;0.6520666;1.95284;0.4647978;0.652544;1.974721;
-0.1017016;0.2694735;2.336178;-0.1023568;0.504086;2.226499;-0.1019601;0.7302886;2.106538;-0.07374988;0.8197213;2.042541;-0.2716424;0.6836213;2.160124;-0.4944296;0.6311955;2.180924;-0.6601729;0.7090462;2.116549;-0.730527;0.7192532;2.105913;0.09442252;0.6838433;2.168503;0.298466;0.6429842;2.174141;0.4532474;0.6614581;2.051371;0.5099741;0.6557444;1.982666;-0.1651493;0.2683796;2.303072;-0.1412246;-0.08603989;2.322228;-0.1361206;-0.3895189;2.307994;-0.1337351;-0.467245;2.197267;-0.03559973;0.2635015;2.308213;-0.04477901;-0.03131394;2.493934;-0.07661322;-0.2765937;2.637394;-0.0924831;-0.3250187;2.505125;-0.1021943;0.6750234;2.138358;-0.7973807;0.7399974;2.101784;-0.741617;0.702138;2.126278;0.5602019;0.6503522;1.938734;0.4630093;0.6435623;1.959731;
-0.09408814;0.2602598;2.322025;-0.1006064;0.4954658;2.211733;-0.1061516;0.721836;2.090545;-0.07410863;0.8094282;2.025019;-0.2743341;0.6646588;2.13511;-0.5010413;0.627611;2.169444;-0.6675677;0.7066948;2.109691;-0.7400092;0.7116631;2.102443;0.09382831;0.6759115;2.155066;0.2974159;0.6415748;2.170067;0.4492145;0.6604674;2.043441;0.5052255;0.6535398;1.962714;-0.1575355;0.2583136;2.28764;-0.1347725;-0.1001076;2.312091;-0.1290053;-0.4021035;2.306312;-0.1217694;-0.4733188;2.204996;-0.02818464;0.2553051;2.295268;-0.01595858;0.01617571;2.477442;-0.07141875;-0.2390307;2.59718;-0.08589455;-0.3016355;2.472793;-0.1048351;0.6665692;2.122743;-0.8083624;0.7307343;2.098158;-0.7485498;0.6945806;2.12979;0.553669;0.6509728;1.922142;0.4581774;0.6428413;1.946106;
-0.08562378;0.235704;2.28584;-0.09719511;0.467836;2.171686;-0.1083901;0.6926969;2.049103;-0.08296601;0.7807363;1.981476;-0.2763718;0.6408677;2.103207;-0.5014217;0.6043712;2.140199;-0.6743796;0.6728759;2.086859;-0.7505389;0.6896687;2.097162;0.09787992;0.6494823;2.119298;0.2914845;0.6309963;2.13403;0.4403568;0.6590945;2.005702;0.4914652;0.6568881;1.92643;-0.1497485;0.2339838;2.252887;-0.1285546;-0.1003564;2.302358;-0.1123204;-0.4218152;2.325421;-0.1149833;-0.5061529;2.225904;-0.01920738;0.2311576;2.257665;-0.01370546;0.005068806;2.457721;-0.05941705;-0.2420673;2.595133;-0.07268608;-0.3095905;2.474132;-0.1057152;0.637629;2.081361;-0.8156487;0.7077661;2.095933;-0.7485183;0.6658993;2.119625;0.5431936;0.6550803;1.886928;0.4499238;0.6397397;1.901619;
-0.09263628;0.2255435;2.271937;-0.09968381;0.4622489;2.155479;-0.1060757;0.6905837;2.02672;-0.08434936;0.7765544;1.973626;-0.2765213;0.6301965;2.09522;-0.5016536;0.5982297;2.135285;-0.677803;0.6616593;2.087397;-0.7556223;0.6741663;2.098379;0.09436287;0.6445646;2.108566;0.2871918;0.627195;2.130295;0.4322391;0.6604372;1.99874;0.4842077;0.6606649;1.916895;-0.1581293;0.2222344;2.235604;-0.122977;-0.1153376;2.296217;-0.1061485;-0.4313827;2.331839;-0.1113386;-0.5135978;2.226748;-0.02480482;0.2226553;2.246729;-0.01446409;0.01486373;2.387975;-0.04252946;-0.2097664;2.560794;-0.05955844;-0.2888891;2.45037;-0.1047324;0.6346804;2.061011;-0.8213003;0.6900099;2.096507;-0.7432222;0.6478484;2.123734;0.5314069;0.659587;1.864189;0.4396041;0.6447561;1.893605;
-0.09880344;0.2004301;2.220122;-0.09921737;0.4399349;2.102543;-0.09903304;0.6711483;1.975284;-0.0906681;0.7534887;1.92146;-0.2753103;0.6053413;2.056015;-0.4956545;0.546383;2.112285;-0.6972146;0.6112634;2.091398;-0.7549192;0.6277499;2.097049;0.09113805;0.6188909;2.058648;0.2839118;0.5861406;2.093076;0.4204873;0.6561179;1.946171;0.4756798;0.6654582;1.871246;-0.1639182;0.1970732;2.18722;-0.1122787;-0.1242121;2.265259;-0.09802126;-0.4482204;2.327195;-0.105668;-0.5316176;2.226412;-0.03096335;0.1982609;2.191814;-0.004641222;0.009466198;2.350649;-0.03739571;-0.2236501;2.511997;-0.05583996;-0.3096274;2.409787;-0.0991833;0.6146389;2.008864;-0.8176226;0.6405079;2.097518;-0.7472685;0.600085;2.107808;0.5187928;0.6687588;1.816155;0.4251359;0.6480879;1.84525;
-0.09755074;0.1961236;2.211516;-0.09859186;0.4348123;2.098655;-0.09878471;0.6641624;1.974453;-0.0927413;0.7454592;1.912347;-0.2720003;0.5980021;2.044315;-0.4954224;0.5414075;2.110394;-0.6793039;0.5893896;2.079513;-0.7557921;0.6033183;2.097059;0.09121948;0.6121744;2.045335;0.2865846;0.5824839;2.079487;0.4153379;0.6546077;1.940875;0.471265;0.6638418;1.850556;-0.162965;0.1932187;2.179129;-0.1115413;-0.1296712;2.254187;-0.09926496;-0.4536197;2.324847;-0.1036049;-0.5310623;2.228317;-0.02941548;0.1935781;2.182659;-0.008080739;0.002069584;2.339389;-0.03756869;-0.2286108;2.504444;-0.05691524;-0.3154865;2.403664;-0.09884748;0.608296;2.007291;-0.8244171;0.6150824;2.097009;-0.7426042;0.5737464;2.113643;0.5118146;0.6687706;1.78748;0.4215132;0.6476902;1.818858;
-0.09741313;0.1862945;2.185513;-0.09586307;0.4225029;2.078046;-0.09411291;0.6506976;1.959885;-0.09415235;0.7330627;1.888805;-0.2674941;0.5874847;2.021733;-0.4892865;0.5174937;2.103479;-0.6841819;0.5725145;2.082313;-0.7441874;0.5784537;2.090722;0.09010827;0.5999846;2.016476;0.2907638;0.5734726;2.04739;0.4273299;0.6482432;1.878651;0.4645468;0.6591059;1.825451;-0.1638119;0.1845288;2.153343;-0.116068;-0.1334672;2.226763;-0.09950913;-0.4573427;2.322349;-0.09961209;-0.5309551;2.233263;-0.02825622;0.1828012;2.156402;-0.01758025;-0.008267866;2.314201;-0.03792757;-0.2266285;2.495165;-0.05749891;-0.3152297;2.396609;-0.09461771;0.5949741;1.991302;-0.8088387;0.5892188;2.09349;-0.7292117;0.5504377;2.101166;0.5048766;0.6645126;1.758501;0.4143249;0.6423329;1.795487;
-0.09542578;0.178345;2.165477;-0.0925916;0.415232;2.045694;-0.08898137;0.644791;1.913541;-0.09640256;0.7255918;1.864942;-0.2663247;0.5813456;2.006309;-0.4841882;0.5040004;2.095158;-0.6847424;0.5585885;2.079431;-0.7396567;0.5586716;2.087779;0.0897457;0.591545;1.993326;0.2885436;0.5616482;2.027156;0.4201052;0.6420387;1.874237;0.4622245;0.6519407;1.799177;-0.1624121;0.177164;2.134294;-0.1169916;-0.1323739;2.214347;-0.1014733;-0.4617865;2.319761;-0.0957142;-0.5287218;2.236977;-0.02570138;0.1744619;2.135387;-0.01739093;-0.01262085;2.301394;-0.03854112;-0.2402101;2.47143;-0.05898879;-0.330384;2.375586;-0.09000145;0.5886217;1.948523;-0.8066784;0.5696953;2.087495;-0.7260244;0.5288068;2.100211;0.4993018;0.6595532;1.732834;0.4121067;0.6355065;1.765791;
-0.07799386;0.1707079;2.141113;-0.08503211;0.4095022;2.028294;-0.08819956;0.6402793;1.903318;-0.0965653;0.716886;1.844919;-0.2639189;0.5736301;1.984696;-0.4762539;0.4914212;2.084384;-0.6832837;0.540847;2.077358;-0.739474;0.5416051;2.086058;0.09127524;0.5842829;1.97252;0.2869062;0.5518072;2.001395;0.4118004;0.6302005;1.849602;0.4617144;0.6426556;1.769138;-0.1452518;0.1677913;2.109434;-0.1177868;-0.1301447;2.1962;-0.1012521;-0.4617667;2.318076;-0.09148449;-0.5278525;2.242822;-0.008465046;0.1686743;2.111442;0.01674058;-0.005385008;2.306496;-0.0823332;-0.315487;2.36368;-0.09317752;-0.4155701;2.284077;-0.08783823;0.5838682;1.936666;-0.808072;0.5520251;2.091315;-0.7260258;0.5135022;2.095846;0.4993064;0.6512671;1.708892;0.4097508;0.6268119;1.739488;
-0.07760264;0.1664296;2.129444;-0.08529116;0.4010959;2.007372;-0.09198646;0.6266961;1.873729;-0.09649699;0.7059813;1.818838;-0.2622406;0.5638525;1.960289;-0.4730774;0.4827033;2.074682;-0.6837008;0.525965;2.073905;-0.7378922;0.5270149;2.081316;0.0911356;0.5773886;1.949808;0.2915602;0.5465035;1.971399;0.407524;0.6178954;1.82331;0.4564967;0.6291464;1.745588;-0.1449855;0.1634062;2.097735;-0.1195658;-0.1300427;2.183054;-0.1008779;-0.4609547;2.316744;-0.08834424;-0.529794;2.246774;-0.007966883;0.1646402;2.099854;0.02198382;-0.006762679;2.302612;-0.08010076;-0.3170398;2.360206;-0.08894401;-0.4218718;2.291537;-0.09041002;0.571638;1.908969;-0.8050027;0.5328962;2.082429;-0.7208098;0.4976578;2.095231;0.4923102;0.6356817;1.679773;0.4054173;0.6134409;1.7165;
-0.08119474;0.1538022;2.104153;-0.08751671;0.3917241;1.983453;-0.09308861;0.621007;1.853338;-0.09588756;0.7021666;1.799068;-0.2615367;0.5559099;1.94004;-0.4701779;0.4747144;2.062942;-0.6854392;0.5148793;2.069673;-0.7359341;0.5157483;2.075505;0.08873925;0.5701765;1.927236;0.2887384;0.5368937;1.955665;0.4044677;0.6075976;1.802415;0.4541603;0.6154143;1.720376;-0.1480451;0.1517591;2.071303;-0.1237633;-0.131875;2.166778;-0.1004667;-0.4554732;2.312253;-0.08607125;-0.534411;2.28156;-0.01196918;0.1513516;2.075611;-0.03337205;-0.1055849;2.233255;-0.07440329;-0.3496619;2.376165;-0.07674886;-0.4492095;2.295042;-0.09179343;0.5650662;1.887662;-0.7941346;0.5231515;2.075649;-0.7144216;0.4838382;2.08513;0.48965;0.6202434;1.654078;0.402453;0.5990175;1.691952;
-0.07937894;0.1458135;2.08997;-0.08724229;0.3834905;1.966721;-0.0945667;0.6125166;1.833178;-0.09510644;0.6954678;1.780052;-0.2607191;0.5484011;1.921845;-0.4687548;0.4665672;2.045348;-0.6842614;0.506433;2.059988;-0.7353101;0.5091963;2.063731;0.09082228;0.5646619;1.909861;0.2865472;0.5278125;1.938356;0.4017304;0.5978246;1.782162;0.4494587;0.6020582;1.700347;-0.1457673;0.1433301;2.05652;-0.1199885;-0.1343116;2.16178;-0.1000847;-0.4552891;2.308671;-0.08273876;-0.5335625;2.274226;-0.01063782;0.1440074;2.062059;0.01923491;-0.1093811;2.227396;-0.05714086;-0.3394839;2.378129;-0.07196538;-0.4386699;2.29827;-0.09283114;0.5565975;1.868366;-0.7945018;0.5140622;2.069341;-0.7217848;0.4771545;2.069812;0.4857869;0.6062963;1.634439;0.3996864;0.5856646;1.671892;
-0.07792158;0.1380826;2.077231;-0.08570882;0.377768;1.953211;-0.09283413;0.6088199;1.819077;-0.092618;0.6893506;1.762141;-0.2596748;0.5404087;1.904178;-0.4677199;0.4607565;2.02887;-0.6559784;0.4951961;2.024697;-0.713063;0.5073708;2.038346;0.08995049;0.557689;1.890857;0.2860553;0.5186506;1.919807;0.4007738;0.587517;1.765679;0.4473648;0.5892903;1.686085;-0.1435039;0.1349789;2.044672;-0.1103237;-0.1428141;2.153831;-0.09988359;-0.4555216;2.305913;-0.08494222;-0.5339953;2.268705;-0.01003785;0.1370673;2.048305;0.02280626;-0.1199252;2.185673;-0.04580384;-0.3669252;2.351882;-0.0712315;-0.4693903;2.286046;-0.09116673;0.5524044;1.854409;-0.7753588;0.5131233;2.050156;-0.699366;0.4767396;2.051666;0.483462;0.5933069;1.615468;0.3985346;0.5755067;1.659532;
-0.07582992;0.1274374;2.060932;-0.08257048;0.3702239;1.938776;-0.08879187;0.6039338;1.806348;-0.09020303;0.6835424;1.749564;-0.2592266;0.534383;1.891123;-0.4690284;0.4533675;2.012171;-0.6547603;0.4973107;2.015829;-0.7098999;0.5108951;2.015847;0.092645;0.5502289;1.878752;0.2870539;0.5096742;1.9061;0.4023447;0.577193;1.751767;0.4490891;0.5775999;1.673982;-0.1404077;0.1224909;2.029928;-0.10993;-0.1533544;2.144048;-0.1013865;-0.4574932;2.301008;-0.08285359;-0.535588;2.269647;-0.008975838;0.1284524;2.030243;0.02996729;-0.1340964;2.155766;-0.03813882;-0.3738314;2.347253;-0.06395262;-0.4775408;2.286027;-0.08733915;0.5468974;1.841268;-0.7743974;0.5225615;2.025654;-0.7072807;0.4820881;2.029368;0.4879204;0.5812822;1.603019;0.4015513;0.564104;1.64775;
-0.07720628;0.1183164;2.044228;-0.08278002;0.3657245;1.925302;-0.08803573;0.6030698;1.795593;-0.08860889;0.6775641;1.733607;-0.2588234;0.5309471;1.883521;-0.4688139;0.4509703;1.996744;-0.653379;0.5012019;1.990967;-0.70789;0.5176072;1.992367;0.09267548;0.5487524;1.874927;0.289677;0.4998314;1.887281;0.4033931;0.5674266;1.738136;0.4528323;0.5649438;1.660851;-0.1407899;0.1111722;2.013346;-0.1374298;-0.2129229;2.145149;-0.101793;-0.459043;2.296916;-0.07998142;-0.5363934;2.26713;-0.0112495;0.1217282;2.013562;0.03354206;-0.1397473;2.113708;-0.03539051;-0.4379151;2.328294;-0.07378517;-0.5056793;2.277286;-0.0868074;0.5452136;1.829892;-0.7693354;0.5309548;2.001093;-0.7116328;0.4901198;2.006297;0.4913476;0.5689757;1.593209;0.4059153;0.5540881;1.633866;
-0.0782896;0.110736;2.028769;-0.08185188;0.3557225;1.90422;-0.08431894;0.5915952;1.76924;-0.08724771;0.6721594;1.716598;-0.2578631;0.5219041;1.861401;-0.4726656;0.4521214;1.980766;-0.6552708;0.5089276;1.966442;-0.7317154;0.5343016;1.973989;0.09552778;0.5308942;1.837991;0.2918776;0.4938105;1.874748;0.4070133;0.5595708;1.72584;0.4514605;0.5549477;1.648001;-0.1415711;0.1045791;2.000262;-0.1377749;-0.2090741;2.131751;-0.1009834;-0.4603259;2.291849;-0.07947781;-0.5375016;2.268533;-0.01263531;0.1134738;1.995715;0.02475073;-0.1566797;2.082285;-0.03217322;-0.4348183;2.328888;-0.06865042;-0.5026868;2.274858;-0.08384725;0.5340074;1.804778;-0.7971315;0.5502138;1.976791;-0.7068464;0.4999999;1.980083;0.4912979;0.5573035;1.578717;0.407894;0.5397344;1.617053;
-0.08639217;0.07799783;1.947206;-0.08213572;0.3252689;1.836599;-0.07740642;0.5635431;1.715834;-0.08565145;0.6417654;1.658947;-0.2583001;0.4996347;1.817932;-0.4792786;0.4641618;1.908193;-0.6365706;0.5664464;1.862535;-0.7080284;0.5972194;1.862004;0.1042698;0.5046484;1.78541;0.2919859;0.4673252;1.809993;0.3905217;0.5463583;1.633123;0.419673;0.557749;1.571496;-0.1513878;0.07521082;1.918135;-0.146281;-0.2055404;2.03673;-0.08125889;-0.4974479;2.24606;-0.1114373;-0.5277397;2.287665;-0.01865716;0.07832329;1.914817;-0.009319958;-0.2021894;1.975302;0.03847186;-0.4933304;2.216771;0.07253094;-0.5652372;2.189858;-0.07867155;0.5053697;1.747815;-0.768961;0.6392949;1.862353;-0.6991334;0.5632964;1.865526;0.4562937;0.5636872;1.504444;0.379647;0.5348147;1.539794;
-0.08689333;0.07607703;1.942236;-0.08206203;0.324493;1.834212;-0.07712578;0.5633909;1.715036;-0.08551264;0.6415453;1.658107;-0.2583061;0.4986942;1.81661;-0.4791139;0.4641714;1.905439;-0.6330927;0.5690776;1.853515;-0.7008472;0.6099492;1.839707;0.1041836;0.502453;1.783556;0.2927383;0.4665568;1.805146;0.3811266;0.5471431;1.63463;0.4086883;0.5652928;1.550707;-0.15194;0.0737806;1.913691;-0.1469112;-0.2059992;2.032919;-0.07952705;-0.4986528;2.239567;-0.1087378;-0.535488;2.277832;-0.01907209;0.07591432;1.909272;-0.01020523;-0.2167934;1.966169;0.0550016;-0.532074;2.159973;0.06382462;-0.6078833;2.111461;-0.07841279;0.5051067;1.746712;-0.7647621;0.6520306;1.832306;-0.7019076;0.5795762;1.85095;0.4400084;0.5735679;1.48609;0.363895;0.5426906;1.523459;
-0.09274831;0.07104464;1.934718;-0.08429461;0.3203209;1.827128;-0.07630171;0.559948;1.708392;-0.08556949;0.6388046;1.652295;-0.258595;0.4963467;1.8136;-0.4770168;0.4631008;1.895773;-0.6246737;0.5729019;1.834647;-0.6906243;0.6195245;1.816487;0.1035792;0.4971595;1.776607;0.2941626;0.4630662;1.78779;0.3708816;0.5500941;1.62497;0.3925025;0.571305;1.533975;-0.157382;0.07017405;1.90669;-0.1345309;-0.2537664;2.04361;-0.08806491;-0.5023854;2.234968;-0.112093;-0.5401801;2.274653;-0.02518056;0.06947409;1.901201;-0.011495;-0.2531936;1.95362;0.04641402;-0.5772666;2.105093;0.0464045;-0.6439185;2.033855;-0.07832293;0.5015014;1.739975;-0.7445573;0.6567251;1.79327;-0.702295;0.5950092;1.832;0.4213556;0.5818766;1.467126;0.3476024;0.5477949;1.504067;
-0.08794677;0.03031518;1.877954;-0.07820182;0.2845804;1.765903;-0.06812755;0.5295982;1.643415;-0.08601356;0.6105606;1.589215;-0.2507767;0.4610086;1.758941;-0.4555305;0.4173423;1.838984;-0.5737259;0.5438249;1.747524;-0.6295474;0.5935903;1.725144;0.1068433;0.4586872;1.705485;0.298981;0.4305236;1.711193;0.3228699;0.5375706;1.54357;0.3279166;0.5701621;1.467871;-0.1521101;0.03008258;1.853516;-0.08181755;-0.3073105;1.947587;-0.1482463;-0.50824;2.266146;-0.1601055;-0.5800034;2.17489;-0.02087503;0.02955472;1.840879;-0.02515595;-0.2890285;1.881304;-0.02054772;-0.6208324;1.85853;-0.02177429;-0.6801758;1.738281;-0.07070597;0.4697829;1.675844;-0.6698683;0.6312949;1.690881;-0.6434129;0.5686277;1.739732;0.3376228;0.588733;1.3945;0.2769192;0.5475744;1.43924;
-0.08760064;0.02896714;1.875764;-0.07792372;0.283728;1.763726;-0.06790607;0.5291734;1.641183;-0.08579767;0.608258;1.584995;-0.2497375;0.4592186;1.755265;-0.4524056;0.4122407;1.836182;-0.5695475;0.5382765;1.742444;-0.6197003;0.5810221;1.708737;0.1070776;0.4567531;1.701369;0.2996758;0.4292298;1.703325;0.3220688;0.5367751;1.535809;0.3232507;0.5630272;1.455774;-0.1516659;0.02862169;1.85122;-0.07992626;-0.3097976;1.941887;-0.1474578;-0.5082107;2.261723;-0.1594768;-0.5799431;2.170476;-0.0206286;0.02835494;1.838781;-0.02737332;-0.294028;1.877802;-0.02595296;-0.627256;1.839734;-0.02439512;-0.6771411;1.722832;-0.07047113;0.469257;1.673632;-0.6575228;0.617597;1.672285;-0.6368187;0.5570952;1.727222;0.3321968;0.5833781;1.383477;0.2711059;0.5399501;1.422722;
-0.08802363;-0.01645514;1.793589;-0.06907698;0.2348097;1.671287;-0.05007941;0.4769363;1.538208;-0.06970718;0.5586959;1.485009;-0.231853;0.4145783;1.666334;-0.4207002;0.3529414;1.750311;-0.576972;0.5330873;1.684528;-0.6101454;0.5487816;1.605691;0.1191442;0.4015393;1.602142;0.3134047;0.411982;1.582909;0.3494985;0.495527;1.403846;0.3464527;0.5006987;1.382251;-0.1519328;-0.01537317;1.768968;-0.07741233;-0.3533665;1.857562;-0.1466822;-0.5467227;2.179801;-0.1620698;-0.6180559;2.090005;-0.02106411;-0.01697293;1.756671;-0.04421405;-0.3695084;1.821535;-0.05631511;-0.6972288;1.824895;-0.0486145;-0.7416992;1.701172;-0.05484296;0.4178581;1.573317;-0.6287796;0.5835224;1.593575;-0.6332425;0.5716568;1.601667;0.3493669;0.5150064;1.300417;0.2914566;0.4801488;1.345;
-0.08895031;-0.01995204;1.787279;-0.06937808;0.2314482;1.66492;-0.04976562;0.4736813;1.531714;-0.06827126;0.5571113;1.480043;-0.2301052;0.4100007;1.656134;-0.4211366;0.3509656;1.745083;-0.5353814;0.4677545;1.634757;-0.5763254;0.5055096;1.605486;0.1196914;0.3975478;1.595076;0.3094788;0.3513307;1.592049;0.3432609;0.4749619;1.438694;0.3556321;0.4889601;1.371024;-0.1530693;-0.01725457;1.762278;-0.04564625;-0.3587992;1.813873;-0.1583834;-0.4670173;2.16204;-0.1728348;-0.5393862;2.071912;-0.02176346;-0.02222246;1.75048;-0.04441133;-0.372631;1.821986;-0.05747028;-0.7014444;1.824877;-0.04814886;-0.742223;1.701055;-0.05468163;0.4145807;1.566861;-0.6286591;0.5578666;1.579999;-0.5722919;0.4614052;1.653167;0.3710758;0.5076959;1.291155;0.3028522;0.4714204;1.334188;
-0.09122467;-0.02646499;1.770336;-0.06865636;0.2242393;1.646089;-0.04575143;0.4655985;1.510481;-0.0629902;0.5488588;1.457579;-0.2260942;0.4023677;1.63201;-0.4266397;0.3487937;1.721469;-0.5495877;0.4670566;1.624155;-0.5859663;0.4904566;1.596043;0.121574;0.387424;1.574926;0.3105276;0.3436849;1.585238;0.3503982;0.4619111;1.428935;0.3697405;0.4772469;1.356253;-0.1555105;-0.02225004;1.746451;-0.04618417;-0.3589122;1.812696;-0.1589176;-0.4671276;2.160862;-0.1726979;-0.5396816;2.070801;-0.02370276;-0.02989596;1.732679;-0.03595212;-0.3502557;1.804953;-0.05565944;-0.7011991;1.823891;-0.04719797;-0.7474785;1.705459;-0.05151944;0.4067386;1.546275;-0.6377138;0.5403348;1.56922;-0.5848607;0.4497295;1.640333;0.3864152;0.4961989;1.276764;0.3156379;0.4609192;1.319667;
-0.08139238;-0.03443195;1.753344;-0.06238042;0.2171649;1.628618;-0.04302633;0.4594171;1.49268;-0.05938397;0.5444981;1.441824;-0.2222153;0.3943298;1.604829;-0.4295733;0.343917;1.702898;-0.5614365;0.4592901;1.6154;-0.6039404;0.4777053;1.588755;0.1233674;0.3776528;1.555617;0.3124442;0.3344964;1.565907;0.3649302;0.4503866;1.411747;0.3845295;0.4647285;1.342139;-0.1459514;-0.03115335;1.72883;-0.04423513;-0.3661745;1.806282;-0.1741678;-0.4097413;2.051115;-0.1793382;-0.4649481;2.081456;-0.01394267;-0.03659055;1.716277;-0.03457994;-0.3547205;1.800346;-0.05035145;-0.7057204;1.817543;-0.04518946;-0.7607831;1.709937;-0.04790159;0.4003422;1.528548;-0.6575537;0.5251625;1.564782;-0.597461;0.435574;1.6238;0.4015241;0.4830184;1.261889;0.3333814;0.4515722;1.309556;
-0.07436993;-0.04121323;1.733233;-0.05637317;0.2090654;1.606921;-0.03840306;0.4500879;1.469615;-0.05303185;0.5341586;1.416408;-0.2181182;0.386619;1.577492;-0.4324636;0.3373448;1.679156;-0.5780256;0.4414184;1.600931;-0.6338459;0.4697448;1.576346;0.1278231;0.3674238;1.531092;0.3135456;0.3211859;1.555978;0.373758;0.4303139;1.399604;0.3983931;0.4495076;1.326053;-0.1396426;-0.03666719;1.709127;-0.04083627;-0.3711776;1.790084;-0.1659805;-0.4184335;2.036582;-0.1776382;-0.4667817;2.07204;-0.006397804;-0.04437041;1.695728;-0.03656299;-0.3699941;1.787853;-0.04958686;-0.7094262;1.815035;-0.044487;-0.7651067;1.709944;-0.04289586;0.391314;1.505794;-0.6955591;0.5113344;1.563913;-0.6407272;0.458374;1.541763;0.4190829;0.4661742;1.24394;0.3485861;0.44062;1.287259;
-0.07443973;-0.04770198;1.71148;-0.05505608;0.2025635;1.584662;-0.03569078;0.4435603;1.446734;-0.04883555;0.528643;1.394946;-0.215109;0.3799783;1.553171;-0.4349653;0.3293377;1.659024;-0.5861353;0.4292194;1.587157;-0.6535659;0.4536224;1.568055;0.1324786;0.3595613;1.513029;0.3171951;0.3098139;1.538448;0.3831713;0.416905;1.383059;0.4134948;0.4344863;1.305872;-0.1397906;-0.04247478;1.685434;-0.04257163;-0.3728008;1.778315;-0.1355359;-0.4683723;2.135561;-0.1460139;-0.5413765;2.04535;-0.006377945;-0.05118723;1.67583;-0.03182084;-0.3662754;1.772257;-0.04981318;-0.7173184;1.810444;-0.04516912;-0.7730203;1.707976;-0.04053027;0.3848047;1.483082;-0.7153216;0.4875071;1.562931;-0.6590604;0.4401449;1.535;0.4390553;0.4496123;1.228172;0.3661577;0.4258848;1.270388;
